,metric,region,scen,seas,tslice,value
0,CDD,ARMOOR,RCP45,Annual,2021-2050,-23.0
1,CDD,ARMOOR,RCP45,Annual,2061-2090,-8.0
2,CDD,ARMOOR,RCP45,JJAS,2021-2050,0.0
3,CDD,ARMOOR,RCP45,JJAS,2061-2090,0.0
4,CDD,ARMOOR,RCP45,ON,2021-2050,-7.0
5,CDD,ARMOOR,RCP45,ON,2061-2090,-15.0
6,CDD,ARMOOR,RCP45,DJF,2021-2050,4.0
7,CDD,ARMOOR,RCP45,DJF,2061-2090,19.0
8,CDD,ARMOOR,RCP45,MAM,2021-2050,-17.0
9,CDD,ARMOOR,RCP45,MAM,2061-2090,-16.0
10,CDD,ARMOOR,RCP85,Annual,2021-2050,-31.0
11,CDD,ARMOOR,RCP85,Annual,2061-2090,-38.0
12,CDD,ARMOOR,RCP85,JJAS,2021-2050,0.0
13,CDD,ARMOOR,RCP85,JJAS,2061-2090,0.0
14,CDD,ARMOOR,RCP85,ON,2021-2050,-9.0
15,CDD,ARMOOR,RCP85,ON,2061-2090,-17.0
16,CDD,ARMOOR,RCP85,DJF,2021-2050,4.0
17,CDD,ARMOOR,RCP85,DJF,2061-2090,2.0
18,CDD,ARMOOR,RCP85,MAM,2021-2050,-17.0
19,CDD,ARMOOR,RCP85,MAM,2061-2090,-21.0
20,CDD,YELLANDU,RCP45,Annual,2021-2050,-29.0
21,CDD,YELLANDU,RCP45,Annual,2061-2090,-17.0
22,CDD,YELLANDU,RCP45,JJAS,2021-2050,0.0
23,CDD,YELLANDU,RCP45,JJAS,2061-2090,0.0
24,CDD,YELLANDU,RCP45,ON,2021-2050,-9.0
25,CDD,YELLANDU,RCP45,ON,2061-2090,-17.0
26,CDD,YELLANDU,RCP45,DJF,2021-2050,-7.0
27,CDD,YELLANDU,RCP45,DJF,2061-2090,6.0
28,CDD,YELLANDU,RCP45,MAM,2021-2050,-12.0
29,CDD,YELLANDU,RCP45,MAM,2061-2090,-14.0
30,CDD,YELLANDU,RCP85,Annual,2021-2050,-28.0
31,CDD,YELLANDU,RCP85,Annual,2061-2090,-37.0
32,CDD,YELLANDU,RCP85,JJAS,2021-2050,0.0
33,CDD,YELLANDU,RCP85,JJAS,2061-2090,0.0
34,CDD,YELLANDU,RCP85,ON,2021-2050,-18.0
35,CDD,YELLANDU,RCP85,ON,2061-2090,-20.0
36,CDD,YELLANDU,RCP85,DJF,2021-2050,1.0
37,CDD,YELLANDU,RCP85,DJF,2061-2090,-7.0
38,CDD,YELLANDU,RCP85,MAM,2021-2050,-8.0
39,CDD,YELLANDU,RCP85,MAM,2061-2090,-11.0
40,CDD,WARANGAL,RCP45,Annual,2021-2050,-25.0
41,CDD,WARANGAL,RCP45,Annual,2061-2090,-19.0
42,CDD,WARANGAL,RCP45,JJAS,2021-2050,0.0
43,CDD,WARANGAL,RCP45,JJAS,2061-2090,0.0
44,CDD,WARANGAL,RCP45,ON,2021-2050,-12.25
45,CDD,WARANGAL,RCP45,ON,2061-2090,-15.25
46,CDD,WARANGAL,RCP45,DJF,2021-2050,8.0
47,CDD,WARANGAL,RCP45,DJF,2061-2090,8.25
48,CDD,WARANGAL,RCP45,MAM,2021-2050,-15.5
49,CDD,WARANGAL,RCP45,MAM,2061-2090,-19.0
50,CDD,WARANGAL,RCP85,Annual,2021-2050,-31.0
51,CDD,WARANGAL,RCP85,Annual,2061-2090,-42.5
52,CDD,WARANGAL,RCP85,JJAS,2021-2050,0.0
53,CDD,WARANGAL,RCP85,JJAS,2061-2090,0.0
54,CDD,WARANGAL,RCP85,ON,2021-2050,-18.25
55,CDD,WARANGAL,RCP85,ON,2061-2090,-25.75
56,CDD,WARANGAL,RCP85,DJF,2021-2050,6.25
57,CDD,WARANGAL,RCP85,DJF,2061-2090,-0.25
58,CDD,WARANGAL,RCP85,MAM,2021-2050,-17.75
59,CDD,WARANGAL,RCP85,MAM,2061-2090,-17.75
60,CDD,SIRICILLA,RCP45,Annual,2021-2050,-30.0
61,CDD,SIRICILLA,RCP45,Annual,2061-2090,-30.0
62,CDD,SIRICILLA,RCP45,JJAS,2021-2050,0.0
63,CDD,SIRICILLA,RCP45,JJAS,2061-2090,0.0
64,CDD,SIRICILLA,RCP45,ON,2021-2050,-15.0
65,CDD,SIRICILLA,RCP45,ON,2061-2090,-22.5
66,CDD,SIRICILLA,RCP45,DJF,2021-2050,-2.5
67,CDD,SIRICILLA,RCP45,DJF,2061-2090,-3.0
68,CDD,SIRICILLA,RCP45,MAM,2021-2050,-10.5
69,CDD,SIRICILLA,RCP45,MAM,2061-2090,-8.0
70,CDD,SIRICILLA,RCP85,Annual,2021-2050,-51.0
71,CDD,SIRICILLA,RCP85,Annual,2061-2090,-56.5
72,CDD,SIRICILLA,RCP85,JJAS,2021-2050,0.0
73,CDD,SIRICILLA,RCP85,JJAS,2061-2090,0.0
74,CDD,SIRICILLA,RCP85,ON,2021-2050,-23.0
75,CDD,SIRICILLA,RCP85,ON,2061-2090,-32.0
76,CDD,SIRICILLA,RCP85,DJF,2021-2050,-6.0
77,CDD,SIRICILLA,RCP85,DJF,2061-2090,-12.0
78,CDD,SIRICILLA,RCP85,MAM,2021-2050,-14.0
79,CDD,SIRICILLA,RCP85,MAM,2061-2090,-12.0
80,CDD,SATHUPALLY,RCP45,Annual,2021-2050,-16.0
81,CDD,SATHUPALLY,RCP45,Annual,2061-2090,-1.0
82,CDD,SATHUPALLY,RCP45,JJAS,2021-2050,0.0
83,CDD,SATHUPALLY,RCP45,JJAS,2061-2090,0.0
84,CDD,SATHUPALLY,RCP45,ON,2021-2050,-2.0
85,CDD,SATHUPALLY,RCP45,ON,2061-2090,-10.0
86,CDD,SATHUPALLY,RCP45,DJF,2021-2050,-2.0
87,CDD,SATHUPALLY,RCP45,DJF,2061-2090,11.0
88,CDD,SATHUPALLY,RCP45,MAM,2021-2050,-5.0
89,CDD,SATHUPALLY,RCP45,MAM,2061-2090,-9.0
90,CDD,SATHUPALLY,RCP85,Annual,2021-2050,-30.0
91,CDD,SATHUPALLY,RCP85,Annual,2061-2090,-35.0
92,CDD,SATHUPALLY,RCP85,JJAS,2021-2050,0.0
93,CDD,SATHUPALLY,RCP85,JJAS,2061-2090,0.0
94,CDD,SATHUPALLY,RCP85,ON,2021-2050,-8.0
95,CDD,SATHUPALLY,RCP85,ON,2061-2090,-9.0
96,CDD,SATHUPALLY,RCP85,DJF,2021-2050,-9.0
97,CDD,SATHUPALLY,RCP85,DJF,2061-2090,-13.0
98,CDD,SATHUPALLY,RCP85,MAM,2021-2050,-7.0
99,CDD,SATHUPALLY,RCP85,MAM,2061-2090,-12.0
100,CDD,RAMAGUNDEM,RCP45,Annual,2021-2050,-40.0
101,CDD,RAMAGUNDEM,RCP45,Annual,2061-2090,-18.0
102,CDD,RAMAGUNDEM,RCP45,JJAS,2021-2050,0.0
103,CDD,RAMAGUNDEM,RCP45,JJAS,2061-2090,0.0
104,CDD,RAMAGUNDEM,RCP45,ON,2021-2050,-19.0
105,CDD,RAMAGUNDEM,RCP45,ON,2061-2090,-27.0
106,CDD,RAMAGUNDEM,RCP45,DJF,2021-2050,-3.0
107,CDD,RAMAGUNDEM,RCP45,DJF,2061-2090,9.0
108,CDD,RAMAGUNDEM,RCP45,MAM,2021-2050,-17.0
109,CDD,RAMAGUNDEM,RCP45,MAM,2061-2090,-6.0
110,CDD,RAMAGUNDEM,RCP85,Annual,2021-2050,-48.0
111,CDD,RAMAGUNDEM,RCP85,Annual,2061-2090,-38.0
112,CDD,RAMAGUNDEM,RCP85,JJAS,2021-2050,0.0
113,CDD,RAMAGUNDEM,RCP85,JJAS,2061-2090,0.0
114,CDD,RAMAGUNDEM,RCP85,ON,2021-2050,-27.0
115,CDD,RAMAGUNDEM,RCP85,ON,2061-2090,-23.0
116,CDD,RAMAGUNDEM,RCP85,DJF,2021-2050,-4.0
117,CDD,RAMAGUNDEM,RCP85,DJF,2061-2090,-7.0
118,CDD,RAMAGUNDEM,RCP85,MAM,2021-2050,-17.0
119,CDD,RAMAGUNDEM,RCP85,MAM,2061-2090,-12.0
120,CDD,PALWANCHA,RCP45,Annual,2021-2050,-34.5
121,CDD,PALWANCHA,RCP45,Annual,2061-2090,-10.0
122,CDD,PALWANCHA,RCP45,JJAS,2021-2050,0.0
123,CDD,PALWANCHA,RCP45,JJAS,2061-2090,0.0
124,CDD,PALWANCHA,RCP45,ON,2021-2050,-8.0
125,CDD,PALWANCHA,RCP45,ON,2061-2090,-12.0
126,CDD,PALWANCHA,RCP45,DJF,2021-2050,-11.5
127,CDD,PALWANCHA,RCP45,DJF,2061-2090,4.0
128,CDD,PALWANCHA,RCP45,MAM,2021-2050,-11.0
129,CDD,PALWANCHA,RCP45,MAM,2061-2090,-12.0
130,CDD,PALWANCHA,RCP85,Annual,2021-2050,-36.5
131,CDD,PALWANCHA,RCP85,Annual,2061-2090,-44.0
132,CDD,PALWANCHA,RCP85,JJAS,2021-2050,0.0
133,CDD,PALWANCHA,RCP85,JJAS,2061-2090,0.0
134,CDD,PALWANCHA,RCP85,ON,2021-2050,-14.0
135,CDD,PALWANCHA,RCP85,ON,2061-2090,-18.0
136,CDD,PALWANCHA,RCP85,DJF,2021-2050,-11.5
137,CDD,PALWANCHA,RCP85,DJF,2061-2090,-17.0
138,CDD,PALWANCHA,RCP85,MAM,2021-2050,-8.0
139,CDD,PALWANCHA,RCP85,MAM,2061-2090,-10.5
140,CDD,NIRMAL,RCP45,Annual,2021-2050,-17.0
141,CDD,NIRMAL,RCP45,Annual,2061-2090,-11.5
142,CDD,NIRMAL,RCP45,JJAS,2021-2050,0.0
143,CDD,NIRMAL,RCP45,JJAS,2061-2090,0.0
144,CDD,NIRMAL,RCP45,ON,2021-2050,-9.0
145,CDD,NIRMAL,RCP45,ON,2061-2090,-19.5
146,CDD,NIRMAL,RCP45,DJF,2021-2050,2.5
147,CDD,NIRMAL,RCP45,DJF,2061-2090,12.5
148,CDD,NIRMAL,RCP45,MAM,2021-2050,-13.5
149,CDD,NIRMAL,RCP45,MAM,2061-2090,-14.0
150,CDD,NIRMAL,RCP85,Annual,2021-2050,-31.5
151,CDD,NIRMAL,RCP85,Annual,2061-2090,-38.5
152,CDD,NIRMAL,RCP85,JJAS,2021-2050,0.0
153,CDD,NIRMAL,RCP85,JJAS,2061-2090,0.0
154,CDD,NIRMAL,RCP85,ON,2021-2050,-16.0
155,CDD,NIRMAL,RCP85,ON,2061-2090,-23.0
156,CDD,NIRMAL,RCP85,DJF,2021-2050,0.5
157,CDD,NIRMAL,RCP85,DJF,2061-2090,-0.5
158,CDD,NIRMAL,RCP85,MAM,2021-2050,-16.0
159,CDD,NIRMAL,RCP85,MAM,2061-2090,-19.5
160,CDD,METPALLY,RCP45,Annual,2021-2050,-38.25
161,CDD,METPALLY,RCP45,Annual,2061-2090,-23.5
162,CDD,METPALLY,RCP45,JJAS,2021-2050,0.0
163,CDD,METPALLY,RCP45,JJAS,2061-2090,0.0
164,CDD,METPALLY,RCP45,ON,2021-2050,-8.0
165,CDD,METPALLY,RCP45,ON,2061-2090,-17.5
166,CDD,METPALLY,RCP45,DJF,2021-2050,-9.0
167,CDD,METPALLY,RCP45,DJF,2061-2090,2.0
168,CDD,METPALLY,RCP45,MAM,2021-2050,-18.5
169,CDD,METPALLY,RCP45,MAM,2061-2090,-10.25
170,CDD,METPALLY,RCP85,Annual,2021-2050,-42.25
171,CDD,METPALLY,RCP85,Annual,2061-2090,-46.75
172,CDD,METPALLY,RCP85,JJAS,2021-2050,0.0
173,CDD,METPALLY,RCP85,JJAS,2061-2090,0.0
174,CDD,METPALLY,RCP85,ON,2021-2050,-15.75
175,CDD,METPALLY,RCP85,ON,2061-2090,-18.75
176,CDD,METPALLY,RCP85,DJF,2021-2050,-4.0
177,CDD,METPALLY,RCP85,DJF,2061-2090,-7.0
178,CDD,METPALLY,RCP85,MAM,2021-2050,-19.0
179,CDD,METPALLY,RCP85,MAM,2061-2090,-19.0
180,CDD,MANUGURU,RCP45,Annual,2021-2050,-36.5
181,CDD,MANUGURU,RCP45,Annual,2061-2090,-22.0
182,CDD,MANUGURU,RCP45,JJAS,2021-2050,0.0
183,CDD,MANUGURU,RCP45,JJAS,2061-2090,0.0
184,CDD,MANUGURU,RCP45,ON,2021-2050,-15.5
185,CDD,MANUGURU,RCP45,ON,2061-2090,-14.5
186,CDD,MANUGURU,RCP45,DJF,2021-2050,-7.0
187,CDD,MANUGURU,RCP45,DJF,2061-2090,1.5
188,CDD,MANUGURU,RCP45,MAM,2021-2050,-8.0
189,CDD,MANUGURU,RCP45,MAM,2061-2090,-14.5
190,CDD,MANUGURU,RCP85,Annual,2021-2050,-41.0
191,CDD,MANUGURU,RCP85,Annual,2061-2090,-49.5
192,CDD,MANUGURU,RCP85,JJAS,2021-2050,0.0
193,CDD,MANUGURU,RCP85,JJAS,2061-2090,0.0
194,CDD,MANUGURU,RCP85,ON,2021-2050,-22.0
195,CDD,MANUGURU,RCP85,ON,2061-2090,-27.0
196,CDD,MANUGURU,RCP85,DJF,2021-2050,-2.5
197,CDD,MANUGURU,RCP85,DJF,2061-2090,-12.5
198,CDD,MANUGURU,RCP85,MAM,2021-2050,-11.0
199,CDD,MANUGURU,RCP85,MAM,2061-2090,-9.5
200,CDD,MANDAMARRI,RCP45,Annual,2021-2050,-34.0
201,CDD,MANDAMARRI,RCP45,Annual,2061-2090,-21.0
202,CDD,MANDAMARRI,RCP45,JJAS,2021-2050,0.0
203,CDD,MANDAMARRI,RCP45,JJAS,2061-2090,0.0
204,CDD,MANDAMARRI,RCP45,ON,2021-2050,-15.0
205,CDD,MANDAMARRI,RCP45,ON,2061-2090,-23.0
206,CDD,MANDAMARRI,RCP45,DJF,2021-2050,-6.0
207,CDD,MANDAMARRI,RCP45,DJF,2061-2090,0.0
208,CDD,MANDAMARRI,RCP45,MAM,2021-2050,-15.0
209,CDD,MANDAMARRI,RCP45,MAM,2061-2090,-3.0
210,CDD,MANDAMARRI,RCP85,Annual,2021-2050,-39.0
211,CDD,MANDAMARRI,RCP85,Annual,2061-2090,-39.0
212,CDD,MANDAMARRI,RCP85,JJAS,2021-2050,0.0
213,CDD,MANDAMARRI,RCP85,JJAS,2061-2090,0.0
214,CDD,MANDAMARRI,RCP85,ON,2021-2050,-22.0
215,CDD,MANDAMARRI,RCP85,ON,2061-2090,-21.0
216,CDD,MANDAMARRI,RCP85,DJF,2021-2050,-9.0
217,CDD,MANDAMARRI,RCP85,DJF,2061-2090,-11.0
218,CDD,MANDAMARRI,RCP85,MAM,2021-2050,-7.0
219,CDD,MANDAMARRI,RCP85,MAM,2061-2090,-9.0
220,CDD,MANCHERIAL,RCP45,Annual,2021-2050,-37.0
221,CDD,MANCHERIAL,RCP45,Annual,2061-2090,-19.5
222,CDD,MANCHERIAL,RCP45,JJAS,2021-2050,0.0
223,CDD,MANCHERIAL,RCP45,JJAS,2061-2090,0.0
224,CDD,MANCHERIAL,RCP45,ON,2021-2050,-17.0
225,CDD,MANCHERIAL,RCP45,ON,2061-2090,-25.0
226,CDD,MANCHERIAL,RCP45,DJF,2021-2050,-4.5
227,CDD,MANCHERIAL,RCP45,DJF,2061-2090,4.5
228,CDD,MANCHERIAL,RCP45,MAM,2021-2050,-16.0
229,CDD,MANCHERIAL,RCP45,MAM,2061-2090,-4.5
230,CDD,MANCHERIAL,RCP85,Annual,2021-2050,-43.5
231,CDD,MANCHERIAL,RCP85,Annual,2061-2090,-38.5
232,CDD,MANCHERIAL,RCP85,JJAS,2021-2050,0.0
233,CDD,MANCHERIAL,RCP85,JJAS,2061-2090,0.0
234,CDD,MANCHERIAL,RCP85,ON,2021-2050,-24.5
235,CDD,MANCHERIAL,RCP85,ON,2061-2090,-22.0
236,CDD,MANCHERIAL,RCP85,DJF,2021-2050,-6.5
237,CDD,MANCHERIAL,RCP85,DJF,2061-2090,-9.0
238,CDD,MANCHERIAL,RCP85,MAM,2021-2050,-12.0
239,CDD,MANCHERIAL,RCP85,MAM,2061-2090,-10.5
240,CDD,MUNBND_KOTTHAGUDEM,RCP45,Annual,2021-2050,-26.5
241,CDD,MUNBND_KOTTHAGUDEM,RCP45,Annual,2061-2090,-8.0
242,CDD,MUNBND_KOTTHAGUDEM,RCP45,JJAS,2021-2050,0.0
243,CDD,MUNBND_KOTTHAGUDEM,RCP45,JJAS,2061-2090,0.0
244,CDD,MUNBND_KOTTHAGUDEM,RCP45,ON,2021-2050,-5.0
245,CDD,MUNBND_KOTTHAGUDEM,RCP45,ON,2061-2090,-11.5
246,CDD,MUNBND_KOTTHAGUDEM,RCP45,DJF,2021-2050,-9.0
247,CDD,MUNBND_KOTTHAGUDEM,RCP45,DJF,2061-2090,4.0
248,CDD,MUNBND_KOTTHAGUDEM,RCP45,MAM,2021-2050,-8.5
249,CDD,MUNBND_KOTTHAGUDEM,RCP45,MAM,2061-2090,-11.0
250,CDD,MUNBND_KOTTHAGUDEM,RCP85,Annual,2021-2050,-33.5
251,CDD,MUNBND_KOTTHAGUDEM,RCP85,Annual,2061-2090,-37.5
252,CDD,MUNBND_KOTTHAGUDEM,RCP85,JJAS,2021-2050,0.0
253,CDD,MUNBND_KOTTHAGUDEM,RCP85,JJAS,2061-2090,0.0
254,CDD,MUNBND_KOTTHAGUDEM,RCP85,ON,2021-2050,-11.0
255,CDD,MUNBND_KOTTHAGUDEM,RCP85,ON,2061-2090,-15.0
256,CDD,MUNBND_KOTTHAGUDEM,RCP85,DJF,2021-2050,-8.5
257,CDD,MUNBND_KOTTHAGUDEM,RCP85,DJF,2061-2090,-14.0
258,CDD,MUNBND_KOTTHAGUDEM,RCP85,MAM,2021-2050,-9.5
259,CDD,MUNBND_KOTTHAGUDEM,RCP85,MAM,2061-2090,-8.5
260,CDD,KORUTLA,RCP45,Annual,2021-2050,-32.0
261,CDD,KORUTLA,RCP45,Annual,2061-2090,-26.0
262,CDD,KORUTLA,RCP45,JJAS,2021-2050,0.0
263,CDD,KORUTLA,RCP45,JJAS,2061-2090,0.0
264,CDD,KORUTLA,RCP45,ON,2021-2050,-9.0
265,CDD,KORUTLA,RCP45,ON,2061-2090,-20.0
266,CDD,KORUTLA,RCP45,DJF,2021-2050,-5.0
267,CDD,KORUTLA,RCP45,DJF,2061-2090,2.0
268,CDD,KORUTLA,RCP45,MAM,2021-2050,-16.0
269,CDD,KORUTLA,RCP45,MAM,2061-2090,-11.0
270,CDD,KORUTLA,RCP85,Annual,2021-2050,-47.0
271,CDD,KORUTLA,RCP85,Annual,2061-2090,-48.0
272,CDD,KORUTLA,RCP85,JJAS,2021-2050,0.0
273,CDD,KORUTLA,RCP85,JJAS,2061-2090,0.0
274,CDD,KORUTLA,RCP85,ON,2021-2050,-18.0
275,CDD,KORUTLA,RCP85,ON,2061-2090,-22.0
276,CDD,KORUTLA,RCP85,DJF,2021-2050,-2.0
277,CDD,KORUTLA,RCP85,DJF,2061-2090,-6.0
278,CDD,KORUTLA,RCP85,MAM,2021-2050,-24.0
279,CDD,KORUTLA,RCP85,MAM,2061-2090,-19.0
280,CDD,KHAMMAM,RCP45,Annual,2021-2050,-21.5
281,CDD,KHAMMAM,RCP45,Annual,2061-2090,-10.5
282,CDD,KHAMMAM,RCP45,JJAS,2021-2050,0.0
283,CDD,KHAMMAM,RCP45,JJAS,2061-2090,0.0
284,CDD,KHAMMAM,RCP45,ON,2021-2050,-5.0
285,CDD,KHAMMAM,RCP45,ON,2061-2090,-12.0
286,CDD,KHAMMAM,RCP45,DJF,2021-2050,-2.0
287,CDD,KHAMMAM,RCP45,DJF,2061-2090,8.0
288,CDD,KHAMMAM,RCP45,MAM,2021-2050,-10.5
289,CDD,KHAMMAM,RCP45,MAM,2061-2090,-13.5
290,CDD,KHAMMAM,RCP85,Annual,2021-2050,-27.5
291,CDD,KHAMMAM,RCP85,Annual,2061-2090,-36.5
292,CDD,KHAMMAM,RCP85,JJAS,2021-2050,0.0
293,CDD,KHAMMAM,RCP85,JJAS,2061-2090,0.0
294,CDD,KHAMMAM,RCP85,ON,2021-2050,-14.0
295,CDD,KHAMMAM,RCP85,ON,2061-2090,-17.5
296,CDD,KHAMMAM,RCP85,DJF,2021-2050,0.0
297,CDD,KHAMMAM,RCP85,DJF,2061-2090,-9.5
298,CDD,KHAMMAM,RCP85,MAM,2021-2050,-8.5
299,CDD,KHAMMAM,RCP85,MAM,2061-2090,-12.0
300,CDD,KARIMNAGAR,RCP45,Annual,2021-2050,-30.0
301,CDD,KARIMNAGAR,RCP45,Annual,2061-2090,-31.5
302,CDD,KARIMNAGAR,RCP45,JJAS,2021-2050,0.0
303,CDD,KARIMNAGAR,RCP45,JJAS,2061-2090,0.0
304,CDD,KARIMNAGAR,RCP45,ON,2021-2050,-14.0
305,CDD,KARIMNAGAR,RCP45,ON,2061-2090,-25.5
306,CDD,KARIMNAGAR,RCP45,DJF,2021-2050,-4.5
307,CDD,KARIMNAGAR,RCP45,DJF,2061-2090,-2.5
308,CDD,KARIMNAGAR,RCP45,MAM,2021-2050,-9.0
309,CDD,KARIMNAGAR,RCP45,MAM,2061-2090,-7.0
310,CDD,KARIMNAGAR,RCP85,Annual,2021-2050,-47.5
311,CDD,KARIMNAGAR,RCP85,Annual,2061-2090,-54.0
312,CDD,KARIMNAGAR,RCP85,JJAS,2021-2050,0.0
313,CDD,KARIMNAGAR,RCP85,JJAS,2061-2090,0.0
314,CDD,KARIMNAGAR,RCP85,ON,2021-2050,-24.5
315,CDD,KARIMNAGAR,RCP85,ON,2061-2090,-32.0
316,CDD,KARIMNAGAR,RCP85,DJF,2021-2050,-6.5
317,CDD,KARIMNAGAR,RCP85,DJF,2061-2090,-14.0
318,CDD,KARIMNAGAR,RCP85,MAM,2021-2050,-15.0
319,CDD,KARIMNAGAR,RCP85,MAM,2061-2090,-12.5
320,CDD,KAGAZNAGAR,RCP45,Annual,2021-2050,-47.0
321,CDD,KAGAZNAGAR,RCP45,Annual,2061-2090,-34.0
322,CDD,KAGAZNAGAR,RCP45,JJAS,2021-2050,0.0
323,CDD,KAGAZNAGAR,RCP45,JJAS,2061-2090,0.0
324,CDD,KAGAZNAGAR,RCP45,ON,2021-2050,-18.0
325,CDD,KAGAZNAGAR,RCP45,ON,2061-2090,-27.0
326,CDD,KAGAZNAGAR,RCP45,DJF,2021-2050,-11.0
327,CDD,KAGAZNAGAR,RCP45,DJF,2061-2090,-6.0
328,CDD,KAGAZNAGAR,RCP45,MAM,2021-2050,-25.0
329,CDD,KAGAZNAGAR,RCP45,MAM,2061-2090,-9.0
330,CDD,KAGAZNAGAR,RCP85,Annual,2021-2050,-58.0
331,CDD,KAGAZNAGAR,RCP85,Annual,2061-2090,-61.0
332,CDD,KAGAZNAGAR,RCP85,JJAS,2021-2050,0.0
333,CDD,KAGAZNAGAR,RCP85,JJAS,2061-2090,0.0
334,CDD,KAGAZNAGAR,RCP85,ON,2021-2050,-28.0
335,CDD,KAGAZNAGAR,RCP85,ON,2061-2090,-31.0
336,CDD,KAGAZNAGAR,RCP85,DJF,2021-2050,-12.0
337,CDD,KAGAZNAGAR,RCP85,DJF,2061-2090,-19.0
338,CDD,KAGAZNAGAR,RCP85,MAM,2021-2050,-20.0
339,CDD,KAGAZNAGAR,RCP85,MAM,2061-2090,-21.0
340,CDD,JANGAON,RCP45,Annual,2021-2050,-25.0
341,CDD,JANGAON,RCP45,Annual,2061-2090,-27.0
342,CDD,JANGAON,RCP45,JJAS,2021-2050,0.0
343,CDD,JANGAON,RCP45,JJAS,2061-2090,0.0
344,CDD,JANGAON,RCP45,ON,2021-2050,-12.0
345,CDD,JANGAON,RCP45,ON,2061-2090,-16.0
346,CDD,JANGAON,RCP45,DJF,2021-2050,10.0
347,CDD,JANGAON,RCP45,DJF,2061-2090,7.0
348,CDD,JANGAON,RCP45,MAM,2021-2050,-18.0
349,CDD,JANGAON,RCP45,MAM,2061-2090,-25.0
350,CDD,JANGAON,RCP85,Annual,2021-2050,-37.0
351,CDD,JANGAON,RCP85,Annual,2061-2090,-48.0
352,CDD,JANGAON,RCP85,JJAS,2021-2050,0.0
353,CDD,JANGAON,RCP85,JJAS,2061-2090,0.0
354,CDD,JANGAON,RCP85,ON,2021-2050,-20.0
355,CDD,JANGAON,RCP85,ON,2061-2090,-28.0
356,CDD,JANGAON,RCP85,DJF,2021-2050,3.0
357,CDD,JANGAON,RCP85,DJF,2061-2090,-2.0
358,CDD,JANGAON,RCP85,MAM,2021-2050,-18.0
359,CDD,JANGAON,RCP85,MAM,2061-2090,-16.0
360,CDD,JAGTIAL,RCP45,Annual,2021-2050,-27.0
361,CDD,JAGTIAL,RCP45,Annual,2061-2090,-31.0
362,CDD,JAGTIAL,RCP45,JJAS,2021-2050,0.0
363,CDD,JAGTIAL,RCP45,JJAS,2061-2090,0.0
364,CDD,JAGTIAL,RCP45,ON,2021-2050,-12.0
365,CDD,JAGTIAL,RCP45,ON,2061-2090,-24.0
366,CDD,JAGTIAL,RCP45,DJF,2021-2050,-10.0
367,CDD,JAGTIAL,RCP45,DJF,2061-2090,-7.0
368,CDD,JAGTIAL,RCP45,MAM,2021-2050,-7.0
369,CDD,JAGTIAL,RCP45,MAM,2061-2090,-5.0
370,CDD,JAGTIAL,RCP85,Annual,2021-2050,-39.0
371,CDD,JAGTIAL,RCP85,Annual,2061-2090,-46.0
372,CDD,JAGTIAL,RCP85,JJAS,2021-2050,0.0
373,CDD,JAGTIAL,RCP85,JJAS,2061-2090,0.0
374,CDD,JAGTIAL,RCP85,ON,2021-2050,-23.0
375,CDD,JAGTIAL,RCP85,ON,2061-2090,-26.0
376,CDD,JAGTIAL,RCP85,DJF,2021-2050,-4.0
377,CDD,JAGTIAL,RCP85,DJF,2061-2090,-15.0
378,CDD,JAGTIAL,RCP85,MAM,2021-2050,-13.0
379,CDD,JAGTIAL,RCP85,MAM,2061-2090,-7.0
380,CDD,BHAINSA,RCP45,Annual,2021-2050,-20.5
381,CDD,BHAINSA,RCP45,Annual,2061-2090,-23.0
382,CDD,BHAINSA,RCP45,JJAS,2021-2050,0.0
383,CDD,BHAINSA,RCP45,JJAS,2061-2090,0.0
384,CDD,BHAINSA,RCP45,ON,2021-2050,-11.5
385,CDD,BHAINSA,RCP45,ON,2061-2090,-21.5
386,CDD,BHAINSA,RCP45,DJF,2021-2050,1.5
387,CDD,BHAINSA,RCP45,DJF,2061-2090,8.0
388,CDD,BHAINSA,RCP45,MAM,2021-2050,-11.5
389,CDD,BHAINSA,RCP45,MAM,2061-2090,-11.0
390,CDD,BHAINSA,RCP85,Annual,2021-2050,-35.0
391,CDD,BHAINSA,RCP85,Annual,2061-2090,-35.5
392,CDD,BHAINSA,RCP85,JJAS,2021-2050,0.0
393,CDD,BHAINSA,RCP85,JJAS,2061-2090,0.0
394,CDD,BHAINSA,RCP85,ON,2021-2050,-17.5
395,CDD,BHAINSA,RCP85,ON,2061-2090,-23.0
396,CDD,BHAINSA,RCP85,DJF,2021-2050,-3.0
397,CDD,BHAINSA,RCP85,DJF,2061-2090,-4.5
398,CDD,BHAINSA,RCP85,MAM,2021-2050,-8.5
399,CDD,BHAINSA,RCP85,MAM,2061-2090,-10.5
400,CDD,ADILABAD,RCP45,Annual,2021-2050,-26.0
401,CDD,ADILABAD,RCP45,Annual,2061-2090,-27.0
402,CDD,ADILABAD,RCP45,JJAS,2021-2050,0.0
403,CDD,ADILABAD,RCP45,JJAS,2061-2090,0.0
404,CDD,ADILABAD,RCP45,ON,2021-2050,-14.0
405,CDD,ADILABAD,RCP45,ON,2061-2090,-23.0
406,CDD,ADILABAD,RCP45,DJF,2021-2050,7.0
407,CDD,ADILABAD,RCP45,DJF,2061-2090,4.0
408,CDD,ADILABAD,RCP45,MAM,2021-2050,-19.0
409,CDD,ADILABAD,RCP45,MAM,2061-2090,-15.0
410,CDD,ADILABAD,RCP85,Annual,2021-2050,-37.0
411,CDD,ADILABAD,RCP85,Annual,2061-2090,-30.0
412,CDD,ADILABAD,RCP85,JJAS,2021-2050,0.0
413,CDD,ADILABAD,RCP85,JJAS,2061-2090,0.0
414,CDD,ADILABAD,RCP85,ON,2021-2050,-18.0
415,CDD,ADILABAD,RCP85,ON,2061-2090,-20.0
416,CDD,ADILABAD,RCP85,DJF,2021-2050,-1.0
417,CDD,ADILABAD,RCP85,DJF,2061-2090,-1.0
418,CDD,ADILABAD,RCP85,MAM,2021-2050,-22.0
419,CDD,ADILABAD,RCP85,MAM,2061-2090,-19.0
420,CDD,ZAHEERABAD,RCP45,Annual,2021-2050,-11.5
421,CDD,ZAHEERABAD,RCP45,Annual,2061-2090,-30.5
422,CDD,ZAHEERABAD,RCP45,JJAS,2021-2050,0.0
423,CDD,ZAHEERABAD,RCP45,JJAS,2061-2090,0.0
424,CDD,ZAHEERABAD,RCP45,ON,2021-2050,-21.0
425,CDD,ZAHEERABAD,RCP45,ON,2061-2090,-30.5
426,CDD,ZAHEERABAD,RCP45,DJF,2021-2050,6.5
427,CDD,ZAHEERABAD,RCP45,DJF,2061-2090,3.5
428,CDD,ZAHEERABAD,RCP45,MAM,2021-2050,-0.5
429,CDD,ZAHEERABAD,RCP45,MAM,2061-2090,-10.0
430,CDD,ZAHEERABAD,RCP85,Annual,2021-2050,-27.5
431,CDD,ZAHEERABAD,RCP85,Annual,2061-2090,-37.5
432,CDD,ZAHEERABAD,RCP85,JJAS,2021-2050,0.0
433,CDD,ZAHEERABAD,RCP85,JJAS,2061-2090,0.0
434,CDD,ZAHEERABAD,RCP85,ON,2021-2050,-21.0
435,CDD,ZAHEERABAD,RCP85,ON,2061-2090,-31.0
436,CDD,ZAHEERABAD,RCP85,DJF,2021-2050,7.0
437,CDD,ZAHEERABAD,RCP85,DJF,2061-2090,-5.5
438,CDD,ZAHEERABAD,RCP85,MAM,2021-2050,-11.0
439,CDD,ZAHEERABAD,RCP85,MAM,2061-2090,-4.5
440,CDD,WANAPARTHY,RCP45,Annual,2021-2050,-21.0
441,CDD,WANAPARTHY,RCP45,Annual,2061-2090,-14.5
442,CDD,WANAPARTHY,RCP45,JJAS,2021-2050,0.0
443,CDD,WANAPARTHY,RCP45,JJAS,2061-2090,0.0
444,CDD,WANAPARTHY,RCP45,ON,2021-2050,-20.5
445,CDD,WANAPARTHY,RCP45,ON,2061-2090,-20.5
446,CDD,WANAPARTHY,RCP45,DJF,2021-2050,-2.0
447,CDD,WANAPARTHY,RCP45,DJF,2061-2090,10.5
448,CDD,WANAPARTHY,RCP45,MAM,2021-2050,7.0
449,CDD,WANAPARTHY,RCP45,MAM,2061-2090,-4.0
450,CDD,WANAPARTHY,RCP85,Annual,2021-2050,-22.0
451,CDD,WANAPARTHY,RCP85,Annual,2061-2090,-27.0
452,CDD,WANAPARTHY,RCP85,JJAS,2021-2050,0.0
453,CDD,WANAPARTHY,RCP85,JJAS,2061-2090,0.0
454,CDD,WANAPARTHY,RCP85,ON,2021-2050,-15.0
455,CDD,WANAPARTHY,RCP85,ON,2061-2090,-24.5
456,CDD,WANAPARTHY,RCP85,DJF,2021-2050,0.0
457,CDD,WANAPARTHY,RCP85,DJF,2061-2090,10.0
458,CDD,WANAPARTHY,RCP85,MAM,2021-2050,-0.5
459,CDD,WANAPARTHY,RCP85,MAM,2061-2090,-9.0
460,CDD,VIKARABAD,RCP45,Annual,2021-2050,-18.0
461,CDD,VIKARABAD,RCP45,Annual,2061-2090,-22.666666
462,CDD,VIKARABAD,RCP45,JJAS,2021-2050,0.0
463,CDD,VIKARABAD,RCP45,JJAS,2061-2090,0.0
464,CDD,VIKARABAD,RCP45,ON,2021-2050,-15.0
465,CDD,VIKARABAD,RCP45,ON,2061-2090,-18.0
466,CDD,VIKARABAD,RCP45,DJF,2021-2050,1.0
467,CDD,VIKARABAD,RCP45,DJF,2061-2090,5.6666665
468,CDD,VIKARABAD,RCP45,MAM,2021-2050,-4.3333335
469,CDD,VIKARABAD,RCP45,MAM,2061-2090,-14.0
470,CDD,VIKARABAD,RCP85,Annual,2021-2050,-24.666666
471,CDD,VIKARABAD,RCP85,Annual,2061-2090,-27.333334
472,CDD,VIKARABAD,RCP85,JJAS,2021-2050,0.0
473,CDD,VIKARABAD,RCP85,JJAS,2061-2090,0.0
474,CDD,VIKARABAD,RCP85,ON,2021-2050,-13.333333
475,CDD,VIKARABAD,RCP85,ON,2061-2090,-21.0
476,CDD,VIKARABAD,RCP85,DJF,2021-2050,9.0
477,CDD,VIKARABAD,RCP85,DJF,2061-2090,4.0
478,CDD,VIKARABAD,RCP85,MAM,2021-2050,-16.666666
479,CDD,VIKARABAD,RCP85,MAM,2061-2090,-11.666667
480,CDD,TANDUR,RCP45,Annual,2021-2050,-19.0
481,CDD,TANDUR,RCP45,Annual,2061-2090,-23.0
482,CDD,TANDUR,RCP45,JJAS,2021-2050,0.0
483,CDD,TANDUR,RCP45,JJAS,2061-2090,0.0
484,CDD,TANDUR,RCP45,ON,2021-2050,-19.0
485,CDD,TANDUR,RCP45,ON,2061-2090,-22.0
486,CDD,TANDUR,RCP45,DJF,2021-2050,2.0
487,CDD,TANDUR,RCP45,DJF,2061-2090,10.0
488,CDD,TANDUR,RCP45,MAM,2021-2050,-3.0
489,CDD,TANDUR,RCP45,MAM,2061-2090,-17.0
490,CDD,TANDUR,RCP85,Annual,2021-2050,-35.0
491,CDD,TANDUR,RCP85,Annual,2061-2090,-33.0
492,CDD,TANDUR,RCP85,JJAS,2021-2050,0.0
493,CDD,TANDUR,RCP85,JJAS,2061-2090,0.0
494,CDD,TANDUR,RCP85,ON,2021-2050,-17.0
495,CDD,TANDUR,RCP85,ON,2061-2090,-27.0
496,CDD,TANDUR,RCP85,DJF,2021-2050,1.0
497,CDD,TANDUR,RCP85,DJF,2061-2090,7.0
498,CDD,TANDUR,RCP85,MAM,2021-2050,-18.0
499,CDD,TANDUR,RCP85,MAM,2061-2090,-15.0
500,CDD,SURYAPET,RCP45,Annual,2021-2050,-10.25
501,CDD,SURYAPET,RCP45,Annual,2061-2090,-4.0
502,CDD,SURYAPET,RCP45,JJAS,2021-2050,-0.25
503,CDD,SURYAPET,RCP45,JJAS,2061-2090,-0.25
504,CDD,SURYAPET,RCP45,ON,2021-2050,-4.75
505,CDD,SURYAPET,RCP45,ON,2061-2090,-9.0
506,CDD,SURYAPET,RCP45,DJF,2021-2050,-1.0
507,CDD,SURYAPET,RCP45,DJF,2061-2090,7.5
508,CDD,SURYAPET,RCP45,MAM,2021-2050,1.5
509,CDD,SURYAPET,RCP45,MAM,2061-2090,-8.75
510,CDD,SURYAPET,RCP85,Annual,2021-2050,-15.75
511,CDD,SURYAPET,RCP85,Annual,2061-2090,-31.75
512,CDD,SURYAPET,RCP85,JJAS,2021-2050,-0.25
513,CDD,SURYAPET,RCP85,JJAS,2061-2090,-0.25
514,CDD,SURYAPET,RCP85,ON,2021-2050,-8.5
515,CDD,SURYAPET,RCP85,ON,2061-2090,-15.25
516,CDD,SURYAPET,RCP85,DJF,2021-2050,5.0
517,CDD,SURYAPET,RCP85,DJF,2061-2090,-7.0
518,CDD,SURYAPET,RCP85,MAM,2021-2050,-7.5
519,CDD,SURYAPET,RCP85,MAM,2061-2090,-9.75
520,CDD,SIDDIPET,RCP45,Annual,2021-2050,-30.0
521,CDD,SIDDIPET,RCP45,Annual,2061-2090,-32.333332
522,CDD,SIDDIPET,RCP45,JJAS,2021-2050,0.0
523,CDD,SIDDIPET,RCP45,JJAS,2061-2090,0.0
524,CDD,SIDDIPET,RCP45,ON,2021-2050,-12.333333
525,CDD,SIDDIPET,RCP45,ON,2061-2090,-18.0
526,CDD,SIDDIPET,RCP45,DJF,2021-2050,2.0
527,CDD,SIDDIPET,RCP45,DJF,2061-2090,-2.0
528,CDD,SIDDIPET,RCP45,MAM,2021-2050,-16.333334
529,CDD,SIDDIPET,RCP45,MAM,2061-2090,-16.0
530,CDD,SIDDIPET,RCP85,Annual,2021-2050,-48.333332
531,CDD,SIDDIPET,RCP85,Annual,2061-2090,-56.666668
532,CDD,SIDDIPET,RCP85,JJAS,2021-2050,0.0
533,CDD,SIDDIPET,RCP85,JJAS,2061-2090,0.0
534,CDD,SIDDIPET,RCP85,ON,2021-2050,-23.0
535,CDD,SIDDIPET,RCP85,ON,2061-2090,-30.333334
536,CDD,SIDDIPET,RCP85,DJF,2021-2050,-2.0
537,CDD,SIDDIPET,RCP85,DJF,2061-2090,-12.333333
538,CDD,SIDDIPET,RCP85,MAM,2021-2050,-16.333334
539,CDD,SIDDIPET,RCP85,MAM,2061-2090,-11.666667
540,CDD,SADASIVAPET,RCP45,Annual,2021-2050,-18.0
541,CDD,SADASIVAPET,RCP45,Annual,2061-2090,-30.0
542,CDD,SADASIVAPET,RCP45,JJAS,2021-2050,0.0
543,CDD,SADASIVAPET,RCP45,JJAS,2061-2090,0.0
544,CDD,SADASIVAPET,RCP45,ON,2021-2050,-17.0
545,CDD,SADASIVAPET,RCP45,ON,2061-2090,-22.0
546,CDD,SADASIVAPET,RCP45,DJF,2021-2050,0.0
547,CDD,SADASIVAPET,RCP45,DJF,2061-2090,3.5
548,CDD,SADASIVAPET,RCP45,MAM,2021-2050,-1.5
549,CDD,SADASIVAPET,RCP45,MAM,2061-2090,-14.0
550,CDD,SADASIVAPET,RCP85,Annual,2021-2050,-24.0
551,CDD,SADASIVAPET,RCP85,Annual,2061-2090,-37.0
552,CDD,SADASIVAPET,RCP85,JJAS,2021-2050,0.0
553,CDD,SADASIVAPET,RCP85,JJAS,2061-2090,0.0
554,CDD,SADASIVAPET,RCP85,ON,2021-2050,-14.5
555,CDD,SADASIVAPET,RCP85,ON,2061-2090,-26.5
556,CDD,SADASIVAPET,RCP85,DJF,2021-2050,5.5
557,CDD,SADASIVAPET,RCP85,DJF,2061-2090,-2.0
558,CDD,SADASIVAPET,RCP85,MAM,2021-2050,-9.5
559,CDD,SADASIVAPET,RCP85,MAM,2061-2090,-7.0
560,CDD,NIZAMABAD,RCP45,Annual,2021-2050,-22.0
561,CDD,NIZAMABAD,RCP45,Annual,2061-2090,-13.0
562,CDD,NIZAMABAD,RCP45,JJAS,2021-2050,0.0
563,CDD,NIZAMABAD,RCP45,JJAS,2061-2090,0.0
564,CDD,NIZAMABAD,RCP45,ON,2021-2050,-9.5
565,CDD,NIZAMABAD,RCP45,ON,2061-2090,-18.5
566,CDD,NIZAMABAD,RCP45,DJF,2021-2050,1.5
567,CDD,NIZAMABAD,RCP45,DJF,2061-2090,14.5
568,CDD,NIZAMABAD,RCP45,MAM,2021-2050,-11.0
569,CDD,NIZAMABAD,RCP45,MAM,2061-2090,-11.0
570,CDD,NIZAMABAD,RCP85,Annual,2021-2050,-32.0
571,CDD,NIZAMABAD,RCP85,Annual,2061-2090,-39.0
572,CDD,NIZAMABAD,RCP85,JJAS,2021-2050,0.0
573,CDD,NIZAMABAD,RCP85,JJAS,2061-2090,0.0
574,CDD,NIZAMABAD,RCP85,ON,2021-2050,-11.0
575,CDD,NIZAMABAD,RCP85,ON,2061-2090,-19.5
576,CDD,NIZAMABAD,RCP85,DJF,2021-2050,0.0
577,CDD,NIZAMABAD,RCP85,DJF,2061-2090,-2.5
578,CDD,NIZAMABAD,RCP85,MAM,2021-2050,-12.0
579,CDD,NIZAMABAD,RCP85,MAM,2061-2090,-14.5
580,CDD,NARAYANPET,RCP45,Annual,2021-2050,-21.0
581,CDD,NARAYANPET,RCP45,Annual,2061-2090,-18.0
582,CDD,NARAYANPET,RCP45,JJAS,2021-2050,0.0
583,CDD,NARAYANPET,RCP45,JJAS,2061-2090,0.0
584,CDD,NARAYANPET,RCP45,ON,2021-2050,-15.0
585,CDD,NARAYANPET,RCP45,ON,2061-2090,-15.0
586,CDD,NARAYANPET,RCP45,DJF,2021-2050,-2.0
587,CDD,NARAYANPET,RCP45,DJF,2061-2090,8.0
588,CDD,NARAYANPET,RCP45,MAM,2021-2050,-4.0
589,CDD,NARAYANPET,RCP45,MAM,2061-2090,-16.0
590,CDD,NARAYANPET,RCP85,Annual,2021-2050,-17.0
591,CDD,NARAYANPET,RCP85,Annual,2061-2090,-19.0
592,CDD,NARAYANPET,RCP85,JJAS,2021-2050,0.0
593,CDD,NARAYANPET,RCP85,JJAS,2061-2090,0.0
594,CDD,NARAYANPET,RCP85,ON,2021-2050,-9.0
595,CDD,NARAYANPET,RCP85,ON,2061-2090,-15.0
596,CDD,NARAYANPET,RCP85,DJF,2021-2050,6.0
597,CDD,NARAYANPET,RCP85,DJF,2061-2090,3.0
598,CDD,NARAYANPET,RCP85,MAM,2021-2050,-14.0
599,CDD,NARAYANPET,RCP85,MAM,2061-2090,-11.0
600,CDD,NALGONDA,RCP45,Annual,2021-2050,-16.0
601,CDD,NALGONDA,RCP45,Annual,2061-2090,-10.5
602,CDD,NALGONDA,RCP45,JJAS,2021-2050,-0.5
603,CDD,NALGONDA,RCP45,JJAS,2061-2090,-0.5
604,CDD,NALGONDA,RCP45,ON,2021-2050,-9.5
605,CDD,NALGONDA,RCP45,ON,2061-2090,-14.0
606,CDD,NALGONDA,RCP45,DJF,2021-2050,-2.5
607,CDD,NALGONDA,RCP45,DJF,2061-2090,7.0
608,CDD,NALGONDA,RCP45,MAM,2021-2050,1.5
609,CDD,NALGONDA,RCP45,MAM,2061-2090,-7.0
610,CDD,NALGONDA,RCP85,Annual,2021-2050,-21.0
611,CDD,NALGONDA,RCP85,Annual,2061-2090,-35.5
612,CDD,NALGONDA,RCP85,JJAS,2021-2050,-0.5
613,CDD,NALGONDA,RCP85,JJAS,2061-2090,-0.5
614,CDD,NALGONDA,RCP85,ON,2021-2050,-9.5
615,CDD,NALGONDA,RCP85,ON,2061-2090,-17.5
616,CDD,NALGONDA,RCP85,DJF,2021-2050,3.0
617,CDD,NALGONDA,RCP85,DJF,2061-2090,-5.0
618,CDD,NALGONDA,RCP85,MAM,2021-2050,-10.0
619,CDD,NALGONDA,RCP85,MAM,2061-2090,-10.5
620,CDD,MIRYALAGUDA,RCP45,Annual,2021-2050,-7.0
621,CDD,MIRYALAGUDA,RCP45,Annual,2061-2090,-5.0
622,CDD,MIRYALAGUDA,RCP45,JJAS,2021-2050,-1.0
623,CDD,MIRYALAGUDA,RCP45,JJAS,2061-2090,-1.0
624,CDD,MIRYALAGUDA,RCP45,ON,2021-2050,-3.5
625,CDD,MIRYALAGUDA,RCP45,ON,2061-2090,-10.5
626,CDD,MIRYALAGUDA,RCP45,DJF,2021-2050,-1.5
627,CDD,MIRYALAGUDA,RCP45,DJF,2061-2090,4.0
628,CDD,MIRYALAGUDA,RCP45,MAM,2021-2050,5.5
629,CDD,MIRYALAGUDA,RCP45,MAM,2061-2090,-1.5
630,CDD,MIRYALAGUDA,RCP85,Annual,2021-2050,-11.5
631,CDD,MIRYALAGUDA,RCP85,Annual,2061-2090,-33.0
632,CDD,MIRYALAGUDA,RCP85,JJAS,2021-2050,-1.0
633,CDD,MIRYALAGUDA,RCP85,JJAS,2061-2090,-1.0
634,CDD,MIRYALAGUDA,RCP85,ON,2021-2050,-4.5
635,CDD,MIRYALAGUDA,RCP85,ON,2061-2090,-18.5
636,CDD,MIRYALAGUDA,RCP85,DJF,2021-2050,0.5
637,CDD,MIRYALAGUDA,RCP85,DJF,2061-2090,-8.0
638,CDD,MIRYALAGUDA,RCP85,MAM,2021-2050,0.5
639,CDD,MIRYALAGUDA,RCP85,MAM,2061-2090,-4.5
640,CDD,MEDAK,RCP45,Annual,2021-2050,-18.0
641,CDD,MEDAK,RCP45,Annual,2061-2090,-17.0
642,CDD,MEDAK,RCP45,JJAS,2021-2050,0.0
643,CDD,MEDAK,RCP45,JJAS,2061-2090,0.0
644,CDD,MEDAK,RCP45,ON,2021-2050,-12.0
645,CDD,MEDAK,RCP45,ON,2061-2090,-22.0
646,CDD,MEDAK,RCP45,DJF,2021-2050,2.0
647,CDD,MEDAK,RCP45,DJF,2061-2090,7.0
648,CDD,MEDAK,RCP45,MAM,2021-2050,-5.0
649,CDD,MEDAK,RCP45,MAM,2061-2090,-3.0
650,CDD,MEDAK,RCP85,Annual,2021-2050,-26.0
651,CDD,MEDAK,RCP85,Annual,2061-2090,-27.0
652,CDD,MEDAK,RCP85,JJAS,2021-2050,0.0
653,CDD,MEDAK,RCP85,JJAS,2061-2090,0.0
654,CDD,MEDAK,RCP85,ON,2021-2050,-12.0
655,CDD,MEDAK,RCP85,ON,2061-2090,-24.0
656,CDD,MEDAK,RCP85,DJF,2021-2050,0.0
657,CDD,MEDAK,RCP85,DJF,2061-2090,6.0
658,CDD,MEDAK,RCP85,MAM,2021-2050,-9.0
659,CDD,MEDAK,RCP85,MAM,2061-2090,-6.0
660,CDD,MAHABOOBNAGAR,RCP45,Annual,2021-2050,-24.0
661,CDD,MAHABOOBNAGAR,RCP45,Annual,2061-2090,-13.0
662,CDD,MAHABOOBNAGAR,RCP45,JJAS,2021-2050,0.0
663,CDD,MAHABOOBNAGAR,RCP45,JJAS,2061-2090,0.0
664,CDD,MAHABOOBNAGAR,RCP45,ON,2021-2050,-17.0
665,CDD,MAHABOOBNAGAR,RCP45,ON,2061-2090,-13.0
666,CDD,MAHABOOBNAGAR,RCP45,DJF,2021-2050,-2.0
667,CDD,MAHABOOBNAGAR,RCP45,DJF,2061-2090,6.0
668,CDD,MAHABOOBNAGAR,RCP45,MAM,2021-2050,-4.0
669,CDD,MAHABOOBNAGAR,RCP45,MAM,2061-2090,-8.0
670,CDD,MAHABOOBNAGAR,RCP85,Annual,2021-2050,-30.0
671,CDD,MAHABOOBNAGAR,RCP85,Annual,2061-2090,-20.0
672,CDD,MAHABOOBNAGAR,RCP85,JJAS,2021-2050,0.0
673,CDD,MAHABOOBNAGAR,RCP85,JJAS,2061-2090,0.0
674,CDD,MAHABOOBNAGAR,RCP85,ON,2021-2050,-11.0
675,CDD,MAHABOOBNAGAR,RCP85,ON,2061-2090,-17.0
676,CDD,MAHABOOBNAGAR,RCP85,DJF,2021-2050,0.0
677,CDD,MAHABOOBNAGAR,RCP85,DJF,2061-2090,9.0
678,CDD,MAHABOOBNAGAR,RCP85,MAM,2021-2050,-14.0
679,CDD,MAHABOOBNAGAR,RCP85,MAM,2061-2090,-11.0
680,CDD,KAMAREDDY,RCP45,Annual,2021-2050,-12.0
681,CDD,KAMAREDDY,RCP45,Annual,2061-2090,-16.0
682,CDD,KAMAREDDY,RCP45,JJAS,2021-2050,0.0
683,CDD,KAMAREDDY,RCP45,JJAS,2061-2090,0.0
684,CDD,KAMAREDDY,RCP45,ON,2021-2050,-8.0
685,CDD,KAMAREDDY,RCP45,ON,2061-2090,-20.0
686,CDD,KAMAREDDY,RCP45,DJF,2021-2050,4.0
687,CDD,KAMAREDDY,RCP45,DJF,2061-2090,10.0
688,CDD,KAMAREDDY,RCP45,MAM,2021-2050,-7.0
689,CDD,KAMAREDDY,RCP45,MAM,2061-2090,-11.0
690,CDD,KAMAREDDY,RCP85,Annual,2021-2050,-37.0
691,CDD,KAMAREDDY,RCP85,Annual,2061-2090,-25.0
692,CDD,KAMAREDDY,RCP85,JJAS,2021-2050,0.0
693,CDD,KAMAREDDY,RCP85,JJAS,2061-2090,0.0
694,CDD,KAMAREDDY,RCP85,ON,2021-2050,-13.0
695,CDD,KAMAREDDY,RCP85,ON,2061-2090,-19.0
696,CDD,KAMAREDDY,RCP85,DJF,2021-2050,-4.0
697,CDD,KAMAREDDY,RCP85,DJF,2061-2090,2.0
698,CDD,KAMAREDDY,RCP85,MAM,2021-2050,-16.0
699,CDD,KAMAREDDY,RCP85,MAM,2061-2090,-10.0
700,CDD,GADWAL,RCP45,Annual,2021-2050,-36.0
701,CDD,GADWAL,RCP45,Annual,2061-2090,-31.0
702,CDD,GADWAL,RCP45,JJAS,2021-2050,-1.0
703,CDD,GADWAL,RCP45,JJAS,2061-2090,-1.0
704,CDD,GADWAL,RCP45,ON,2021-2050,-17.0
705,CDD,GADWAL,RCP45,ON,2061-2090,-23.0
706,CDD,GADWAL,RCP45,DJF,2021-2050,-8.0
707,CDD,GADWAL,RCP45,DJF,2061-2090,6.0
708,CDD,GADWAL,RCP45,MAM,2021-2050,-3.0
709,CDD,GADWAL,RCP45,MAM,2061-2090,-12.0
710,CDD,GADWAL,RCP85,Annual,2021-2050,-24.0
711,CDD,GADWAL,RCP85,Annual,2061-2090,-42.0
712,CDD,GADWAL,RCP85,JJAS,2021-2050,-1.0
713,CDD,GADWAL,RCP85,JJAS,2061-2090,-1.0
714,CDD,GADWAL,RCP85,ON,2021-2050,-12.0
715,CDD,GADWAL,RCP85,ON,2061-2090,-26.0
716,CDD,GADWAL,RCP85,DJF,2021-2050,-3.0
717,CDD,GADWAL,RCP85,DJF,2061-2090,0.0
718,CDD,GADWAL,RCP85,MAM,2021-2050,-2.0
719,CDD,GADWAL,RCP85,MAM,2061-2090,-11.0
720,CDD,BODHAN,RCP45,Annual,2021-2050,-21.0
721,CDD,BODHAN,RCP45,Annual,2061-2090,-18.0
722,CDD,BODHAN,RCP45,JJAS,2021-2050,0.0
723,CDD,BODHAN,RCP45,JJAS,2061-2090,0.0
724,CDD,BODHAN,RCP45,ON,2021-2050,-12.0
725,CDD,BODHAN,RCP45,ON,2061-2090,-22.0
726,CDD,BODHAN,RCP45,DJF,2021-2050,-1.0
727,CDD,BODHAN,RCP45,DJF,2061-2090,10.0
728,CDD,BODHAN,RCP45,MAM,2021-2050,-5.0
729,CDD,BODHAN,RCP45,MAM,2061-2090,-6.0
730,CDD,BODHAN,RCP85,Annual,2021-2050,-33.0
731,CDD,BODHAN,RCP85,Annual,2061-2090,-40.0
732,CDD,BODHAN,RCP85,JJAS,2021-2050,0.0
733,CDD,BODHAN,RCP85,JJAS,2061-2090,0.0
734,CDD,BODHAN,RCP85,ON,2021-2050,-13.0
735,CDD,BODHAN,RCP85,ON,2061-2090,-22.0
736,CDD,BODHAN,RCP85,DJF,2021-2050,-4.0
737,CDD,BODHAN,RCP85,DJF,2061-2090,-7.0
738,CDD,BODHAN,RCP85,MAM,2021-2050,-7.0
739,CDD,BODHAN,RCP85,MAM,2061-2090,-8.0
740,CWD,ARMOOR,RCP45,Annual,2021-2050,2.0
741,CWD,ARMOOR,RCP45,Annual,2061-2090,5.0
742,CWD,ARMOOR,RCP45,JJAS,2021-2050,8.0
743,CWD,ARMOOR,RCP45,JJAS,2061-2090,-2.0
744,CWD,ARMOOR,RCP45,ON,2021-2050,-4.0
745,CWD,ARMOOR,RCP45,ON,2061-2090,4.0
746,CWD,ARMOOR,RCP45,DJF,2021-2050,2.0
747,CWD,ARMOOR,RCP45,DJF,2061-2090,3.0
748,CWD,ARMOOR,RCP45,MAM,2021-2050,6.0
749,CWD,ARMOOR,RCP45,MAM,2061-2090,16.0
750,CWD,ARMOOR,RCP85,Annual,2021-2050,-2.0
751,CWD,ARMOOR,RCP85,Annual,2061-2090,7.0
752,CWD,ARMOOR,RCP85,JJAS,2021-2050,-3.0
753,CWD,ARMOOR,RCP85,JJAS,2061-2090,-4.0
754,CWD,ARMOOR,RCP85,ON,2021-2050,5.0
755,CWD,ARMOOR,RCP85,ON,2061-2090,6.0
756,CWD,ARMOOR,RCP85,DJF,2021-2050,1.0
757,CWD,ARMOOR,RCP85,DJF,2061-2090,1.0
758,CWD,ARMOOR,RCP85,MAM,2021-2050,9.0
759,CWD,ARMOOR,RCP85,MAM,2061-2090,21.0
760,CWD,YELLANDU,RCP45,Annual,2021-2050,0.0
761,CWD,YELLANDU,RCP45,Annual,2061-2090,6.0
762,CWD,YELLANDU,RCP45,JJAS,2021-2050,-2.0
763,CWD,YELLANDU,RCP45,JJAS,2061-2090,-1.0
764,CWD,YELLANDU,RCP45,ON,2021-2050,3.0
765,CWD,YELLANDU,RCP45,ON,2061-2090,-1.0
766,CWD,YELLANDU,RCP45,DJF,2021-2050,1.0
767,CWD,YELLANDU,RCP45,DJF,2061-2090,4.0
768,CWD,YELLANDU,RCP45,MAM,2021-2050,1.0
769,CWD,YELLANDU,RCP45,MAM,2061-2090,5.0
770,CWD,YELLANDU,RCP85,Annual,2021-2050,15.0
771,CWD,YELLANDU,RCP85,Annual,2061-2090,9.0
772,CWD,YELLANDU,RCP85,JJAS,2021-2050,-2.0
773,CWD,YELLANDU,RCP85,JJAS,2061-2090,-2.0
774,CWD,YELLANDU,RCP85,ON,2021-2050,2.0
775,CWD,YELLANDU,RCP85,ON,2061-2090,2.0
776,CWD,YELLANDU,RCP85,DJF,2021-2050,2.0
777,CWD,YELLANDU,RCP85,DJF,2061-2090,5.0
778,CWD,YELLANDU,RCP85,MAM,2021-2050,12.0
779,CWD,YELLANDU,RCP85,MAM,2061-2090,5.0
780,CWD,WARANGAL,RCP45,Annual,2021-2050,-3.0
781,CWD,WARANGAL,RCP45,Annual,2061-2090,4.25
782,CWD,WARANGAL,RCP45,JJAS,2021-2050,-2.75
783,CWD,WARANGAL,RCP45,JJAS,2061-2090,-3.25
784,CWD,WARANGAL,RCP45,ON,2021-2050,0.5
785,CWD,WARANGAL,RCP45,ON,2061-2090,2.5
786,CWD,WARANGAL,RCP45,DJF,2021-2050,3.0
787,CWD,WARANGAL,RCP45,DJF,2061-2090,0.75
788,CWD,WARANGAL,RCP45,MAM,2021-2050,-2.25
789,CWD,WARANGAL,RCP45,MAM,2061-2090,7.25
790,CWD,WARANGAL,RCP85,Annual,2021-2050,7.5
791,CWD,WARANGAL,RCP85,Annual,2061-2090,-3.5
792,CWD,WARANGAL,RCP85,JJAS,2021-2050,-4.0
793,CWD,WARANGAL,RCP85,JJAS,2061-2090,-5.0
794,CWD,WARANGAL,RCP85,ON,2021-2050,3.5
795,CWD,WARANGAL,RCP85,ON,2061-2090,3.0
796,CWD,WARANGAL,RCP85,DJF,2021-2050,3.0
797,CWD,WARANGAL,RCP85,DJF,2061-2090,2.5
798,CWD,WARANGAL,RCP85,MAM,2021-2050,7.75
799,CWD,WARANGAL,RCP85,MAM,2061-2090,0.75
800,CWD,SIRICILLA,RCP45,Annual,2021-2050,5.5
801,CWD,SIRICILLA,RCP45,Annual,2061-2090,-0.5
802,CWD,SIRICILLA,RCP45,JJAS,2021-2050,2.5
803,CWD,SIRICILLA,RCP45,JJAS,2061-2090,-2.5
804,CWD,SIRICILLA,RCP45,ON,2021-2050,-4.0
805,CWD,SIRICILLA,RCP45,ON,2061-2090,2.0
806,CWD,SIRICILLA,RCP45,DJF,2021-2050,2.5
807,CWD,SIRICILLA,RCP45,DJF,2061-2090,3.0
808,CWD,SIRICILLA,RCP45,MAM,2021-2050,5.0
809,CWD,SIRICILLA,RCP45,MAM,2061-2090,1.0
810,CWD,SIRICILLA,RCP85,Annual,2021-2050,4.0
811,CWD,SIRICILLA,RCP85,Annual,2061-2090,-5.5
812,CWD,SIRICILLA,RCP85,JJAS,2021-2050,-2.5
813,CWD,SIRICILLA,RCP85,JJAS,2061-2090,-1.5
814,CWD,SIRICILLA,RCP85,ON,2021-2050,1.5
815,CWD,SIRICILLA,RCP85,ON,2061-2090,-0.5
816,CWD,SIRICILLA,RCP85,DJF,2021-2050,2.5
817,CWD,SIRICILLA,RCP85,DJF,2061-2090,5.0
818,CWD,SIRICILLA,RCP85,MAM,2021-2050,5.5
819,CWD,SIRICILLA,RCP85,MAM,2061-2090,-4.5
820,CWD,SATHUPALLY,RCP45,Annual,2021-2050,-2.0
821,CWD,SATHUPALLY,RCP45,Annual,2061-2090,6.0
822,CWD,SATHUPALLY,RCP45,JJAS,2021-2050,-2.0
823,CWD,SATHUPALLY,RCP45,JJAS,2061-2090,-2.0
824,CWD,SATHUPALLY,RCP45,ON,2021-2050,6.0
825,CWD,SATHUPALLY,RCP45,ON,2061-2090,6.0
826,CWD,SATHUPALLY,RCP45,DJF,2021-2050,-2.0
827,CWD,SATHUPALLY,RCP45,DJF,2061-2090,2.0
828,CWD,SATHUPALLY,RCP45,MAM,2021-2050,-4.0
829,CWD,SATHUPALLY,RCP45,MAM,2061-2090,2.0
830,CWD,SATHUPALLY,RCP85,Annual,2021-2050,14.0
831,CWD,SATHUPALLY,RCP85,Annual,2061-2090,-1.0
832,CWD,SATHUPALLY,RCP85,JJAS,2021-2050,-2.0
833,CWD,SATHUPALLY,RCP85,JJAS,2061-2090,-1.0
834,CWD,SATHUPALLY,RCP85,ON,2021-2050,5.0
835,CWD,SATHUPALLY,RCP85,ON,2061-2090,0.0
836,CWD,SATHUPALLY,RCP85,DJF,2021-2050,3.0
837,CWD,SATHUPALLY,RCP85,DJF,2061-2090,0.0
838,CWD,SATHUPALLY,RCP85,MAM,2021-2050,10.0
839,CWD,SATHUPALLY,RCP85,MAM,2061-2090,-2.0
840,CWD,RAMAGUNDEM,RCP45,Annual,2021-2050,-8.0
841,CWD,RAMAGUNDEM,RCP45,Annual,2061-2090,-2.0
842,CWD,RAMAGUNDEM,RCP45,JJAS,2021-2050,0.0
843,CWD,RAMAGUNDEM,RCP45,JJAS,2061-2090,-4.0
844,CWD,RAMAGUNDEM,RCP45,ON,2021-2050,-4.0
845,CWD,RAMAGUNDEM,RCP45,ON,2061-2090,8.0
846,CWD,RAMAGUNDEM,RCP45,DJF,2021-2050,-3.0
847,CWD,RAMAGUNDEM,RCP45,DJF,2061-2090,-3.0
848,CWD,RAMAGUNDEM,RCP45,MAM,2021-2050,9.0
849,CWD,RAMAGUNDEM,RCP45,MAM,2061-2090,10.0
850,CWD,RAMAGUNDEM,RCP85,Annual,2021-2050,-14.0
851,CWD,RAMAGUNDEM,RCP85,Annual,2061-2090,-18.0
852,CWD,RAMAGUNDEM,RCP85,JJAS,2021-2050,-8.0
853,CWD,RAMAGUNDEM,RCP85,JJAS,2061-2090,-8.0
854,CWD,RAMAGUNDEM,RCP85,ON,2021-2050,-3.0
855,CWD,RAMAGUNDEM,RCP85,ON,2061-2090,-2.0
856,CWD,RAMAGUNDEM,RCP85,DJF,2021-2050,0.0
857,CWD,RAMAGUNDEM,RCP85,DJF,2061-2090,-2.0
858,CWD,RAMAGUNDEM,RCP85,MAM,2021-2050,9.0
859,CWD,RAMAGUNDEM,RCP85,MAM,2061-2090,11.0
860,CWD,PALWANCHA,RCP45,Annual,2021-2050,-8.5
861,CWD,PALWANCHA,RCP45,Annual,2061-2090,-2.5
862,CWD,PALWANCHA,RCP45,JJAS,2021-2050,-1.5
863,CWD,PALWANCHA,RCP45,JJAS,2061-2090,0.0
864,CWD,PALWANCHA,RCP45,ON,2021-2050,0.5
865,CWD,PALWANCHA,RCP45,ON,2061-2090,-3.0
866,CWD,PALWANCHA,RCP45,DJF,2021-2050,-0.5
867,CWD,PALWANCHA,RCP45,DJF,2061-2090,1.5
868,CWD,PALWANCHA,RCP45,MAM,2021-2050,-6.5
869,CWD,PALWANCHA,RCP45,MAM,2061-2090,0.0
870,CWD,PALWANCHA,RCP85,Annual,2021-2050,0.0
871,CWD,PALWANCHA,RCP85,Annual,2061-2090,-5.0
872,CWD,PALWANCHA,RCP85,JJAS,2021-2050,-1.5
873,CWD,PALWANCHA,RCP85,JJAS,2061-2090,-0.5
874,CWD,PALWANCHA,RCP85,ON,2021-2050,-4.5
875,CWD,PALWANCHA,RCP85,ON,2061-2090,-5.0
876,CWD,PALWANCHA,RCP85,DJF,2021-2050,2.0
877,CWD,PALWANCHA,RCP85,DJF,2061-2090,0.0
878,CWD,PALWANCHA,RCP85,MAM,2021-2050,4.0
879,CWD,PALWANCHA,RCP85,MAM,2061-2090,0.5
880,CWD,NIRMAL,RCP45,Annual,2021-2050,18.0
881,CWD,NIRMAL,RCP45,Annual,2061-2090,15.0
882,CWD,NIRMAL,RCP45,JJAS,2021-2050,7.0
883,CWD,NIRMAL,RCP45,JJAS,2061-2090,-2.5
884,CWD,NIRMAL,RCP45,ON,2021-2050,5.0
885,CWD,NIRMAL,RCP45,ON,2061-2090,6.0
886,CWD,NIRMAL,RCP45,DJF,2021-2050,4.0
887,CWD,NIRMAL,RCP45,DJF,2061-2090,4.5
888,CWD,NIRMAL,RCP45,MAM,2021-2050,12.5
889,CWD,NIRMAL,RCP45,MAM,2061-2090,16.0
890,CWD,NIRMAL,RCP85,Annual,2021-2050,14.5
891,CWD,NIRMAL,RCP85,Annual,2061-2090,19.0
892,CWD,NIRMAL,RCP85,JJAS,2021-2050,-4.5
893,CWD,NIRMAL,RCP85,JJAS,2061-2090,-5.0
894,CWD,NIRMAL,RCP85,ON,2021-2050,12.0
895,CWD,NIRMAL,RCP85,ON,2061-2090,10.5
896,CWD,NIRMAL,RCP85,DJF,2021-2050,3.5
897,CWD,NIRMAL,RCP85,DJF,2061-2090,1.5
898,CWD,NIRMAL,RCP85,MAM,2021-2050,14.0
899,CWD,NIRMAL,RCP85,MAM,2061-2090,27.0
900,CWD,METPALLY,RCP45,Annual,2021-2050,13.75
901,CWD,METPALLY,RCP45,Annual,2061-2090,9.0
902,CWD,METPALLY,RCP45,JJAS,2021-2050,2.5
903,CWD,METPALLY,RCP45,JJAS,2061-2090,-3.5
904,CWD,METPALLY,RCP45,ON,2021-2050,1.5
905,CWD,METPALLY,RCP45,ON,2061-2090,5.5
906,CWD,METPALLY,RCP45,DJF,2021-2050,2.5
907,CWD,METPALLY,RCP45,DJF,2061-2090,3.0
908,CWD,METPALLY,RCP45,MAM,2021-2050,13.25
909,CWD,METPALLY,RCP45,MAM,2061-2090,13.0
910,CWD,METPALLY,RCP85,Annual,2021-2050,5.75
911,CWD,METPALLY,RCP85,Annual,2061-2090,5.75
912,CWD,METPALLY,RCP85,JJAS,2021-2050,-6.25
913,CWD,METPALLY,RCP85,JJAS,2061-2090,-6.75
914,CWD,METPALLY,RCP85,ON,2021-2050,5.75
915,CWD,METPALLY,RCP85,ON,2061-2090,10.0
916,CWD,METPALLY,RCP85,DJF,2021-2050,2.5
917,CWD,METPALLY,RCP85,DJF,2061-2090,1.25
918,CWD,METPALLY,RCP85,MAM,2021-2050,13.0
919,CWD,METPALLY,RCP85,MAM,2061-2090,15.25
920,CWD,MANUGURU,RCP45,Annual,2021-2050,2.0
921,CWD,MANUGURU,RCP45,Annual,2061-2090,6.5
922,CWD,MANUGURU,RCP45,JJAS,2021-2050,2.0
923,CWD,MANUGURU,RCP45,JJAS,2061-2090,2.0
924,CWD,MANUGURU,RCP45,ON,2021-2050,4.0
925,CWD,MANUGURU,RCP45,ON,2061-2090,3.0
926,CWD,MANUGURU,RCP45,DJF,2021-2050,0.0
927,CWD,MANUGURU,RCP45,DJF,2061-2090,0.0
928,CWD,MANUGURU,RCP45,MAM,2021-2050,1.0
929,CWD,MANUGURU,RCP45,MAM,2061-2090,8.5
930,CWD,MANUGURU,RCP85,Annual,2021-2050,1.5
931,CWD,MANUGURU,RCP85,Annual,2061-2090,-1.0
932,CWD,MANUGURU,RCP85,JJAS,2021-2050,-2.5
933,CWD,MANUGURU,RCP85,JJAS,2061-2090,-1.5
934,CWD,MANUGURU,RCP85,ON,2021-2050,1.5
935,CWD,MANUGURU,RCP85,ON,2061-2090,2.0
936,CWD,MANUGURU,RCP85,DJF,2021-2050,0.5
937,CWD,MANUGURU,RCP85,DJF,2061-2090,-0.5
938,CWD,MANUGURU,RCP85,MAM,2021-2050,10.0
939,CWD,MANUGURU,RCP85,MAM,2061-2090,6.5
940,CWD,MANDAMARRI,RCP45,Annual,2021-2050,5.0
941,CWD,MANDAMARRI,RCP45,Annual,2061-2090,21.0
942,CWD,MANDAMARRI,RCP45,JJAS,2021-2050,1.0
943,CWD,MANDAMARRI,RCP45,JJAS,2061-2090,-2.0
944,CWD,MANDAMARRI,RCP45,ON,2021-2050,3.0
945,CWD,MANDAMARRI,RCP45,ON,2061-2090,14.0
946,CWD,MANDAMARRI,RCP45,DJF,2021-2050,0.0
947,CWD,MANDAMARRI,RCP45,DJF,2061-2090,-2.0
948,CWD,MANDAMARRI,RCP45,MAM,2021-2050,11.0
949,CWD,MANDAMARRI,RCP45,MAM,2061-2090,20.0
950,CWD,MANDAMARRI,RCP85,Annual,2021-2050,0.0
951,CWD,MANDAMARRI,RCP85,Annual,2061-2090,-9.0
952,CWD,MANDAMARRI,RCP85,JJAS,2021-2050,-5.0
953,CWD,MANDAMARRI,RCP85,JJAS,2061-2090,-6.0
954,CWD,MANDAMARRI,RCP85,ON,2021-2050,-2.0
955,CWD,MANDAMARRI,RCP85,ON,2061-2090,1.0
956,CWD,MANDAMARRI,RCP85,DJF,2021-2050,0.0
957,CWD,MANDAMARRI,RCP85,DJF,2061-2090,-1.0
958,CWD,MANDAMARRI,RCP85,MAM,2021-2050,17.0
959,CWD,MANDAMARRI,RCP85,MAM,2061-2090,13.0
960,CWD,MANCHERIAL,RCP45,Annual,2021-2050,-1.5
961,CWD,MANCHERIAL,RCP45,Annual,2061-2090,9.5
962,CWD,MANCHERIAL,RCP45,JJAS,2021-2050,0.5
963,CWD,MANCHERIAL,RCP45,JJAS,2061-2090,-3.0
964,CWD,MANCHERIAL,RCP45,ON,2021-2050,-0.5
965,CWD,MANCHERIAL,RCP45,ON,2061-2090,11.0
966,CWD,MANCHERIAL,RCP45,DJF,2021-2050,-1.5
967,CWD,MANCHERIAL,RCP45,DJF,2061-2090,-2.5
968,CWD,MANCHERIAL,RCP45,MAM,2021-2050,10.0
969,CWD,MANCHERIAL,RCP45,MAM,2061-2090,15.0
970,CWD,MANCHERIAL,RCP85,Annual,2021-2050,-7.0
971,CWD,MANCHERIAL,RCP85,Annual,2061-2090,-13.5
972,CWD,MANCHERIAL,RCP85,JJAS,2021-2050,-6.5
973,CWD,MANCHERIAL,RCP85,JJAS,2061-2090,-7.0
974,CWD,MANCHERIAL,RCP85,ON,2021-2050,-2.5
975,CWD,MANCHERIAL,RCP85,ON,2061-2090,-0.5
976,CWD,MANCHERIAL,RCP85,DJF,2021-2050,0.0
977,CWD,MANCHERIAL,RCP85,DJF,2061-2090,-1.5
978,CWD,MANCHERIAL,RCP85,MAM,2021-2050,13.0
979,CWD,MANCHERIAL,RCP85,MAM,2061-2090,12.0
980,CWD,MUNBND_KOTTHAGUDEM,RCP45,Annual,2021-2050,-8.0
981,CWD,MUNBND_KOTTHAGUDEM,RCP45,Annual,2061-2090,-1.5
982,CWD,MUNBND_KOTTHAGUDEM,RCP45,JJAS,2021-2050,-2.5
983,CWD,MUNBND_KOTTHAGUDEM,RCP45,JJAS,2061-2090,-1.0
984,CWD,MUNBND_KOTTHAGUDEM,RCP45,ON,2021-2050,-1.0
985,CWD,MUNBND_KOTTHAGUDEM,RCP45,ON,2061-2090,-3.5
986,CWD,MUNBND_KOTTHAGUDEM,RCP45,DJF,2021-2050,0.0
987,CWD,MUNBND_KOTTHAGUDEM,RCP45,DJF,2061-2090,2.5
988,CWD,MUNBND_KOTTHAGUDEM,RCP45,MAM,2021-2050,-3.5
989,CWD,MUNBND_KOTTHAGUDEM,RCP45,MAM,2061-2090,1.0
990,CWD,MUNBND_KOTTHAGUDEM,RCP85,Annual,2021-2050,6.0
991,CWD,MUNBND_KOTTHAGUDEM,RCP85,Annual,2061-2090,2.0
992,CWD,MUNBND_KOTTHAGUDEM,RCP85,JJAS,2021-2050,-2.0
993,CWD,MUNBND_KOTTHAGUDEM,RCP85,JJAS,2061-2090,-1.0
994,CWD,MUNBND_KOTTHAGUDEM,RCP85,ON,2021-2050,-0.5
995,CWD,MUNBND_KOTTHAGUDEM,RCP85,ON,2061-2090,-3.5
996,CWD,MUNBND_KOTTHAGUDEM,RCP85,DJF,2021-2050,2.5
997,CWD,MUNBND_KOTTHAGUDEM,RCP85,DJF,2061-2090,3.0
998,CWD,MUNBND_KOTTHAGUDEM,RCP85,MAM,2021-2050,7.0
999,CWD,MUNBND_KOTTHAGUDEM,RCP85,MAM,2061-2090,3.5
1000,CWD,KORUTLA,RCP45,Annual,2021-2050,23.0
1001,CWD,KORUTLA,RCP45,Annual,2061-2090,9.0
1002,CWD,KORUTLA,RCP45,JJAS,2021-2050,3.0
1003,CWD,KORUTLA,RCP45,JJAS,2061-2090,-1.0
1004,CWD,KORUTLA,RCP45,ON,2021-2050,7.0
1005,CWD,KORUTLA,RCP45,ON,2061-2090,7.0
1006,CWD,KORUTLA,RCP45,DJF,2021-2050,3.0
1007,CWD,KORUTLA,RCP45,DJF,2061-2090,3.0
1008,CWD,KORUTLA,RCP45,MAM,2021-2050,15.0
1009,CWD,KORUTLA,RCP45,MAM,2061-2090,8.0
1010,CWD,KORUTLA,RCP85,Annual,2021-2050,11.0
1011,CWD,KORUTLA,RCP85,Annual,2061-2090,6.0
1012,CWD,KORUTLA,RCP85,JJAS,2021-2050,-4.0
1013,CWD,KORUTLA,RCP85,JJAS,2061-2090,-2.0
1014,CWD,KORUTLA,RCP85,ON,2021-2050,11.0
1015,CWD,KORUTLA,RCP85,ON,2061-2090,10.0
1016,CWD,KORUTLA,RCP85,DJF,2021-2050,2.0
1017,CWD,KORUTLA,RCP85,DJF,2061-2090,2.0
1018,CWD,KORUTLA,RCP85,MAM,2021-2050,7.0
1019,CWD,KORUTLA,RCP85,MAM,2061-2090,7.0
1020,CWD,KHAMMAM,RCP45,Annual,2021-2050,-1.5
1021,CWD,KHAMMAM,RCP45,Annual,2061-2090,7.0
1022,CWD,KHAMMAM,RCP45,JJAS,2021-2050,-1.0
1023,CWD,KHAMMAM,RCP45,JJAS,2061-2090,-2.5
1024,CWD,KHAMMAM,RCP45,ON,2021-2050,2.5
1025,CWD,KHAMMAM,RCP45,ON,2061-2090,3.5
1026,CWD,KHAMMAM,RCP45,DJF,2021-2050,3.0
1027,CWD,KHAMMAM,RCP45,DJF,2061-2090,3.0
1028,CWD,KHAMMAM,RCP45,MAM,2021-2050,-2.5
1029,CWD,KHAMMAM,RCP45,MAM,2061-2090,6.0
1030,CWD,KHAMMAM,RCP85,Annual,2021-2050,17.0
1031,CWD,KHAMMAM,RCP85,Annual,2061-2090,1.5
1032,CWD,KHAMMAM,RCP85,JJAS,2021-2050,-0.5
1033,CWD,KHAMMAM,RCP85,JJAS,2061-2090,0.0
1034,CWD,KHAMMAM,RCP85,ON,2021-2050,4.5
1035,CWD,KHAMMAM,RCP85,ON,2061-2090,2.0
1036,CWD,KHAMMAM,RCP85,DJF,2021-2050,4.0
1037,CWD,KHAMMAM,RCP85,DJF,2061-2090,6.0
1038,CWD,KHAMMAM,RCP85,MAM,2021-2050,11.5
1039,CWD,KHAMMAM,RCP85,MAM,2061-2090,-3.0
1040,CWD,KARIMNAGAR,RCP45,Annual,2021-2050,2.5
1041,CWD,KARIMNAGAR,RCP45,Annual,2061-2090,-1.5
1042,CWD,KARIMNAGAR,RCP45,JJAS,2021-2050,-5.5
1043,CWD,KARIMNAGAR,RCP45,JJAS,2061-2090,-10.5
1044,CWD,KARIMNAGAR,RCP45,ON,2021-2050,6.5
1045,CWD,KARIMNAGAR,RCP45,ON,2061-2090,7.0
1046,CWD,KARIMNAGAR,RCP45,DJF,2021-2050,1.0
1047,CWD,KARIMNAGAR,RCP45,DJF,2061-2090,-1.0
1048,CWD,KARIMNAGAR,RCP45,MAM,2021-2050,3.5
1049,CWD,KARIMNAGAR,RCP45,MAM,2061-2090,11.0
1050,CWD,KARIMNAGAR,RCP85,Annual,2021-2050,-3.0
1051,CWD,KARIMNAGAR,RCP85,Annual,2061-2090,-18.5
1052,CWD,KARIMNAGAR,RCP85,JJAS,2021-2050,-11.5
1053,CWD,KARIMNAGAR,RCP85,JJAS,2061-2090,-12.0
1054,CWD,KARIMNAGAR,RCP85,ON,2021-2050,3.5
1055,CWD,KARIMNAGAR,RCP85,ON,2061-2090,1.0
1056,CWD,KARIMNAGAR,RCP85,DJF,2021-2050,-0.5
1057,CWD,KARIMNAGAR,RCP85,DJF,2061-2090,1.5
1058,CWD,KARIMNAGAR,RCP85,MAM,2021-2050,10.5
1059,CWD,KARIMNAGAR,RCP85,MAM,2061-2090,2.0
1060,CWD,KAGAZNAGAR,RCP45,Annual,2021-2050,19.0
1061,CWD,KAGAZNAGAR,RCP45,Annual,2061-2090,9.0
1062,CWD,KAGAZNAGAR,RCP45,JJAS,2021-2050,-1.0
1063,CWD,KAGAZNAGAR,RCP45,JJAS,2061-2090,-2.0
1064,CWD,KAGAZNAGAR,RCP45,ON,2021-2050,13.0
1065,CWD,KAGAZNAGAR,RCP45,ON,2061-2090,4.0
1066,CWD,KAGAZNAGAR,RCP45,DJF,2021-2050,2.0
1067,CWD,KAGAZNAGAR,RCP45,DJF,2061-2090,2.0
1068,CWD,KAGAZNAGAR,RCP45,MAM,2021-2050,13.0
1069,CWD,KAGAZNAGAR,RCP45,MAM,2061-2090,15.0
1070,CWD,KAGAZNAGAR,RCP85,Annual,2021-2050,11.0
1071,CWD,KAGAZNAGAR,RCP85,Annual,2061-2090,-7.0
1072,CWD,KAGAZNAGAR,RCP85,JJAS,2021-2050,-3.0
1073,CWD,KAGAZNAGAR,RCP85,JJAS,2061-2090,-5.0
1074,CWD,KAGAZNAGAR,RCP85,ON,2021-2050,2.0
1075,CWD,KAGAZNAGAR,RCP85,ON,2061-2090,-2.0
1076,CWD,KAGAZNAGAR,RCP85,DJF,2021-2050,1.0
1077,CWD,KAGAZNAGAR,RCP85,DJF,2061-2090,1.0
1078,CWD,KAGAZNAGAR,RCP85,MAM,2021-2050,20.0
1079,CWD,KAGAZNAGAR,RCP85,MAM,2061-2090,11.0
1080,CWD,JANGAON,RCP45,Annual,2021-2050,-4.0
1081,CWD,JANGAON,RCP45,Annual,2061-2090,4.0
1082,CWD,JANGAON,RCP45,JJAS,2021-2050,-3.0
1083,CWD,JANGAON,RCP45,JJAS,2061-2090,-3.0
1084,CWD,JANGAON,RCP45,ON,2021-2050,-1.0
1085,CWD,JANGAON,RCP45,ON,2061-2090,5.0
1086,CWD,JANGAON,RCP45,DJF,2021-2050,1.0
1087,CWD,JANGAON,RCP45,DJF,2061-2090,0.0
1088,CWD,JANGAON,RCP45,MAM,2021-2050,2.0
1089,CWD,JANGAON,RCP45,MAM,2061-2090,7.0
1090,CWD,JANGAON,RCP85,Annual,2021-2050,11.0
1091,CWD,JANGAON,RCP85,Annual,2061-2090,0.0
1092,CWD,JANGAON,RCP85,JJAS,2021-2050,-1.0
1093,CWD,JANGAON,RCP85,JJAS,2061-2090,-4.0
1094,CWD,JANGAON,RCP85,ON,2021-2050,5.0
1095,CWD,JANGAON,RCP85,ON,2061-2090,4.0
1096,CWD,JANGAON,RCP85,DJF,2021-2050,3.0
1097,CWD,JANGAON,RCP85,DJF,2061-2090,3.0
1098,CWD,JANGAON,RCP85,MAM,2021-2050,7.0
1099,CWD,JANGAON,RCP85,MAM,2061-2090,4.0
1100,CWD,JAGTIAL,RCP45,Annual,2021-2050,8.0
1101,CWD,JAGTIAL,RCP45,Annual,2061-2090,9.0
1102,CWD,JAGTIAL,RCP45,JJAS,2021-2050,0.0
1103,CWD,JAGTIAL,RCP45,JJAS,2061-2090,-3.0
1104,CWD,JAGTIAL,RCP45,ON,2021-2050,5.0
1105,CWD,JAGTIAL,RCP45,ON,2061-2090,0.0
1106,CWD,JAGTIAL,RCP45,DJF,2021-2050,3.0
1107,CWD,JAGTIAL,RCP45,DJF,2061-2090,2.0
1108,CWD,JAGTIAL,RCP45,MAM,2021-2050,6.0
1109,CWD,JAGTIAL,RCP45,MAM,2061-2090,18.0
1110,CWD,JAGTIAL,RCP85,Annual,2021-2050,9.0
1111,CWD,JAGTIAL,RCP85,Annual,2061-2090,-9.0
1112,CWD,JAGTIAL,RCP85,JJAS,2021-2050,-4.0
1113,CWD,JAGTIAL,RCP85,JJAS,2061-2090,-5.0
1114,CWD,JAGTIAL,RCP85,ON,2021-2050,0.0
1115,CWD,JAGTIAL,RCP85,ON,2061-2090,-4.0
1116,CWD,JAGTIAL,RCP85,DJF,2021-2050,1.0
1117,CWD,JAGTIAL,RCP85,DJF,2061-2090,0.0
1118,CWD,JAGTIAL,RCP85,MAM,2021-2050,17.0
1119,CWD,JAGTIAL,RCP85,MAM,2061-2090,10.0
1120,CWD,BHAINSA,RCP45,Annual,2021-2050,6.5
1121,CWD,BHAINSA,RCP45,Annual,2061-2090,10.0
1122,CWD,BHAINSA,RCP45,JJAS,2021-2050,5.0
1123,CWD,BHAINSA,RCP45,JJAS,2061-2090,-2.5
1124,CWD,BHAINSA,RCP45,ON,2021-2050,5.0
1125,CWD,BHAINSA,RCP45,ON,2061-2090,6.5
1126,CWD,BHAINSA,RCP45,DJF,2021-2050,2.0
1127,CWD,BHAINSA,RCP45,DJF,2061-2090,6.0
1128,CWD,BHAINSA,RCP45,MAM,2021-2050,8.0
1129,CWD,BHAINSA,RCP45,MAM,2061-2090,13.5
1130,CWD,BHAINSA,RCP85,Annual,2021-2050,5.5
1131,CWD,BHAINSA,RCP85,Annual,2061-2090,19.0
1132,CWD,BHAINSA,RCP85,JJAS,2021-2050,-8.0
1133,CWD,BHAINSA,RCP85,JJAS,2061-2090,-7.5
1134,CWD,BHAINSA,RCP85,ON,2021-2050,11.0
1135,CWD,BHAINSA,RCP85,ON,2061-2090,19.5
1136,CWD,BHAINSA,RCP85,DJF,2021-2050,2.0
1137,CWD,BHAINSA,RCP85,DJF,2061-2090,1.0
1138,CWD,BHAINSA,RCP85,MAM,2021-2050,15.5
1139,CWD,BHAINSA,RCP85,MAM,2061-2090,24.5
1140,CWD,ADILABAD,RCP45,Annual,2021-2050,20.0
1141,CWD,ADILABAD,RCP45,Annual,2061-2090,19.0
1142,CWD,ADILABAD,RCP45,JJAS,2021-2050,1.0
1143,CWD,ADILABAD,RCP45,JJAS,2061-2090,0.0
1144,CWD,ADILABAD,RCP45,ON,2021-2050,6.0
1145,CWD,ADILABAD,RCP45,ON,2061-2090,5.0
1146,CWD,ADILABAD,RCP45,DJF,2021-2050,3.0
1147,CWD,ADILABAD,RCP45,DJF,2061-2090,6.0
1148,CWD,ADILABAD,RCP45,MAM,2021-2050,15.0
1149,CWD,ADILABAD,RCP45,MAM,2061-2090,14.0
1150,CWD,ADILABAD,RCP85,Annual,2021-2050,19.0
1151,CWD,ADILABAD,RCP85,Annual,2061-2090,9.0
1152,CWD,ADILABAD,RCP85,JJAS,2021-2050,1.0
1153,CWD,ADILABAD,RCP85,JJAS,2061-2090,-4.0
1154,CWD,ADILABAD,RCP85,ON,2021-2050,5.0
1155,CWD,ADILABAD,RCP85,ON,2061-2090,2.0
1156,CWD,ADILABAD,RCP85,DJF,2021-2050,4.0
1157,CWD,ADILABAD,RCP85,DJF,2061-2090,2.0
1158,CWD,ADILABAD,RCP85,MAM,2021-2050,16.0
1159,CWD,ADILABAD,RCP85,MAM,2061-2090,19.0
1160,CWD,ZAHEERABAD,RCP45,Annual,2021-2050,32.5
1161,CWD,ZAHEERABAD,RCP45,Annual,2061-2090,29.0
1162,CWD,ZAHEERABAD,RCP45,JJAS,2021-2050,9.0
1163,CWD,ZAHEERABAD,RCP45,JJAS,2061-2090,4.5
1164,CWD,ZAHEERABAD,RCP45,ON,2021-2050,14.5
1165,CWD,ZAHEERABAD,RCP45,ON,2061-2090,20.5
1166,CWD,ZAHEERABAD,RCP45,DJF,2021-2050,1.0
1167,CWD,ZAHEERABAD,RCP45,DJF,2061-2090,3.5
1168,CWD,ZAHEERABAD,RCP45,MAM,2021-2050,18.0
1169,CWD,ZAHEERABAD,RCP45,MAM,2061-2090,10.5
1170,CWD,ZAHEERABAD,RCP85,Annual,2021-2050,25.0
1171,CWD,ZAHEERABAD,RCP85,Annual,2061-2090,19.5
1172,CWD,ZAHEERABAD,RCP85,JJAS,2021-2050,-3.5
1173,CWD,ZAHEERABAD,RCP85,JJAS,2061-2090,-1.5
1174,CWD,ZAHEERABAD,RCP85,ON,2021-2050,19.5
1175,CWD,ZAHEERABAD,RCP85,ON,2061-2090,16.5
1176,CWD,ZAHEERABAD,RCP85,DJF,2021-2050,0.5
1177,CWD,ZAHEERABAD,RCP85,DJF,2061-2090,1.0
1178,CWD,ZAHEERABAD,RCP85,MAM,2021-2050,19.0
1179,CWD,ZAHEERABAD,RCP85,MAM,2061-2090,15.0
1180,CWD,WANAPARTHY,RCP45,Annual,2021-2050,17.0
1181,CWD,WANAPARTHY,RCP45,Annual,2061-2090,17.0
1182,CWD,WANAPARTHY,RCP45,JJAS,2021-2050,16.0
1183,CWD,WANAPARTHY,RCP45,JJAS,2061-2090,2.0
1184,CWD,WANAPARTHY,RCP45,ON,2021-2050,2.5
1185,CWD,WANAPARTHY,RCP45,ON,2061-2090,13.0
1186,CWD,WANAPARTHY,RCP45,DJF,2021-2050,-1.0
1187,CWD,WANAPARTHY,RCP45,DJF,2061-2090,0.0
1188,CWD,WANAPARTHY,RCP45,MAM,2021-2050,10.5
1189,CWD,WANAPARTHY,RCP45,MAM,2061-2090,13.5
1190,CWD,WANAPARTHY,RCP85,Annual,2021-2050,-0.5
1191,CWD,WANAPARTHY,RCP85,Annual,2061-2090,-4.5
1192,CWD,WANAPARTHY,RCP85,JJAS,2021-2050,-5.0
1193,CWD,WANAPARTHY,RCP85,JJAS,2061-2090,-3.5
1194,CWD,WANAPARTHY,RCP85,ON,2021-2050,8.0
1195,CWD,WANAPARTHY,RCP85,ON,2061-2090,6.0
1196,CWD,WANAPARTHY,RCP85,DJF,2021-2050,0.0
1197,CWD,WANAPARTHY,RCP85,DJF,2061-2090,-0.5
1198,CWD,WANAPARTHY,RCP85,MAM,2021-2050,4.0
1199,CWD,WANAPARTHY,RCP85,MAM,2061-2090,6.0
1200,CWD,VIKARABAD,RCP45,Annual,2021-2050,10.0
1201,CWD,VIKARABAD,RCP45,Annual,2061-2090,14.0
1202,CWD,VIKARABAD,RCP45,JJAS,2021-2050,1.3333334
1203,CWD,VIKARABAD,RCP45,JJAS,2061-2090,-6.3333335
1204,CWD,VIKARABAD,RCP45,ON,2021-2050,10.0
1205,CWD,VIKARABAD,RCP45,ON,2061-2090,16.666666
1206,CWD,VIKARABAD,RCP45,DJF,2021-2050,-0.6666667
1207,CWD,VIKARABAD,RCP45,DJF,2061-2090,1.0
1208,CWD,VIKARABAD,RCP45,MAM,2021-2050,8.666667
1209,CWD,VIKARABAD,RCP45,MAM,2061-2090,11.666667
1210,CWD,VIKARABAD,RCP85,Annual,2021-2050,7.6666665
1211,CWD,VIKARABAD,RCP85,Annual,2061-2090,1.3333334
1212,CWD,VIKARABAD,RCP85,JJAS,2021-2050,-7.6666665
1213,CWD,VIKARABAD,RCP85,JJAS,2061-2090,-1.0
1214,CWD,VIKARABAD,RCP85,ON,2021-2050,9.0
1215,CWD,VIKARABAD,RCP85,ON,2061-2090,10.666667
1216,CWD,VIKARABAD,RCP85,DJF,2021-2050,-0.33333334
1217,CWD,VIKARABAD,RCP85,DJF,2061-2090,-0.33333334
1218,CWD,VIKARABAD,RCP85,MAM,2021-2050,15.0
1219,CWD,VIKARABAD,RCP85,MAM,2061-2090,3.6666667
1220,CWD,TANDUR,RCP45,Annual,2021-2050,10.0
1221,CWD,TANDUR,RCP45,Annual,2061-2090,10.0
1222,CWD,TANDUR,RCP45,JJAS,2021-2050,-3.0
1223,CWD,TANDUR,RCP45,JJAS,2061-2090,-9.0
1224,CWD,TANDUR,RCP45,ON,2021-2050,8.0
1225,CWD,TANDUR,RCP45,ON,2061-2090,17.0
1226,CWD,TANDUR,RCP45,DJF,2021-2050,1.0
1227,CWD,TANDUR,RCP45,DJF,2061-2090,0.0
1228,CWD,TANDUR,RCP45,MAM,2021-2050,8.0
1229,CWD,TANDUR,RCP45,MAM,2061-2090,10.0
1230,CWD,TANDUR,RCP85,Annual,2021-2050,12.0
1231,CWD,TANDUR,RCP85,Annual,2061-2090,11.0
1232,CWD,TANDUR,RCP85,JJAS,2021-2050,-8.0
1233,CWD,TANDUR,RCP85,JJAS,2061-2090,-5.0
1234,CWD,TANDUR,RCP85,ON,2021-2050,17.0
1235,CWD,TANDUR,RCP85,ON,2061-2090,18.0
1236,CWD,TANDUR,RCP85,DJF,2021-2050,0.0
1237,CWD,TANDUR,RCP85,DJF,2061-2090,0.0
1238,CWD,TANDUR,RCP85,MAM,2021-2050,12.0
1239,CWD,TANDUR,RCP85,MAM,2061-2090,11.0
1240,CWD,SURYAPET,RCP45,Annual,2021-2050,0.5
1241,CWD,SURYAPET,RCP45,Annual,2061-2090,4.75
1242,CWD,SURYAPET,RCP45,JJAS,2021-2050,-2.5
1243,CWD,SURYAPET,RCP45,JJAS,2061-2090,-8.0
1244,CWD,SURYAPET,RCP45,ON,2021-2050,-0.75
1245,CWD,SURYAPET,RCP45,ON,2061-2090,9.75
1246,CWD,SURYAPET,RCP45,DJF,2021-2050,0.5
1247,CWD,SURYAPET,RCP45,DJF,2061-2090,2.5
1248,CWD,SURYAPET,RCP45,MAM,2021-2050,4.0
1249,CWD,SURYAPET,RCP45,MAM,2061-2090,4.5
1250,CWD,SURYAPET,RCP85,Annual,2021-2050,2.5
1251,CWD,SURYAPET,RCP85,Annual,2061-2090,-12.5
1252,CWD,SURYAPET,RCP85,JJAS,2021-2050,-7.0
1253,CWD,SURYAPET,RCP85,JJAS,2061-2090,-7.25
1254,CWD,SURYAPET,RCP85,ON,2021-2050,2.5
1255,CWD,SURYAPET,RCP85,ON,2061-2090,-0.5
1256,CWD,SURYAPET,RCP85,DJF,2021-2050,5.0
1257,CWD,SURYAPET,RCP85,DJF,2061-2090,3.25
1258,CWD,SURYAPET,RCP85,MAM,2021-2050,6.5
1259,CWD,SURYAPET,RCP85,MAM,2061-2090,-2.0
1260,CWD,SIDDIPET,RCP45,Annual,2021-2050,-3.6666667
1261,CWD,SIDDIPET,RCP45,Annual,2061-2090,-2.6666667
1262,CWD,SIDDIPET,RCP45,JJAS,2021-2050,0.0
1263,CWD,SIDDIPET,RCP45,JJAS,2061-2090,-2.0
1264,CWD,SIDDIPET,RCP45,ON,2021-2050,-2.3333333
1265,CWD,SIDDIPET,RCP45,ON,2061-2090,5.3333335
1266,CWD,SIDDIPET,RCP45,DJF,2021-2050,1.6666666
1267,CWD,SIDDIPET,RCP45,DJF,2061-2090,1.0
1268,CWD,SIDDIPET,RCP45,MAM,2021-2050,-0.6666667
1269,CWD,SIDDIPET,RCP45,MAM,2061-2090,-3.3333333
1270,CWD,SIDDIPET,RCP85,Annual,2021-2050,-1.6666666
1271,CWD,SIDDIPET,RCP85,Annual,2061-2090,-9.0
1272,CWD,SIDDIPET,RCP85,JJAS,2021-2050,-3.3333333
1273,CWD,SIDDIPET,RCP85,JJAS,2061-2090,-2.6666667
1274,CWD,SIDDIPET,RCP85,ON,2021-2050,-1.0
1275,CWD,SIDDIPET,RCP85,ON,2061-2090,1.0
1276,CWD,SIDDIPET,RCP85,DJF,2021-2050,2.6666667
1277,CWD,SIDDIPET,RCP85,DJF,2061-2090,4.3333335
1278,CWD,SIDDIPET,RCP85,MAM,2021-2050,3.6666667
1279,CWD,SIDDIPET,RCP85,MAM,2061-2090,-7.0
1280,CWD,SADASIVAPET,RCP45,Annual,2021-2050,18.0
1281,CWD,SADASIVAPET,RCP45,Annual,2061-2090,18.5
1282,CWD,SADASIVAPET,RCP45,JJAS,2021-2050,6.5
1283,CWD,SADASIVAPET,RCP45,JJAS,2061-2090,-1.5
1284,CWD,SADASIVAPET,RCP45,ON,2021-2050,12.0
1285,CWD,SADASIVAPET,RCP45,ON,2061-2090,18.0
1286,CWD,SADASIVAPET,RCP45,DJF,2021-2050,0.0
1287,CWD,SADASIVAPET,RCP45,DJF,2061-2090,0.5
1288,CWD,SADASIVAPET,RCP45,MAM,2021-2050,11.0
1289,CWD,SADASIVAPET,RCP45,MAM,2061-2090,12.0
1290,CWD,SADASIVAPET,RCP85,Annual,2021-2050,13.0
1291,CWD,SADASIVAPET,RCP85,Annual,2061-2090,6.5
1292,CWD,SADASIVAPET,RCP85,JJAS,2021-2050,-4.5
1293,CWD,SADASIVAPET,RCP85,JJAS,2061-2090,0.0
1294,CWD,SADASIVAPET,RCP85,ON,2021-2050,16.5
1295,CWD,SADASIVAPET,RCP85,ON,2061-2090,12.5
1296,CWD,SADASIVAPET,RCP85,DJF,2021-2050,-0.5
1297,CWD,SADASIVAPET,RCP85,DJF,2061-2090,-0.5
1298,CWD,SADASIVAPET,RCP85,MAM,2021-2050,13.0
1299,CWD,SADASIVAPET,RCP85,MAM,2061-2090,7.0
1300,CWD,NIZAMABAD,RCP45,Annual,2021-2050,2.5
1301,CWD,NIZAMABAD,RCP45,Annual,2061-2090,2.5
1302,CWD,NIZAMABAD,RCP45,JJAS,2021-2050,6.5
1303,CWD,NIZAMABAD,RCP45,JJAS,2061-2090,-3.5
1304,CWD,NIZAMABAD,RCP45,ON,2021-2050,-1.0
1305,CWD,NIZAMABAD,RCP45,ON,2061-2090,6.0
1306,CWD,NIZAMABAD,RCP45,DJF,2021-2050,1.5
1307,CWD,NIZAMABAD,RCP45,DJF,2061-2090,2.5
1308,CWD,NIZAMABAD,RCP45,MAM,2021-2050,5.5
1309,CWD,NIZAMABAD,RCP45,MAM,2061-2090,13.0
1310,CWD,NIZAMABAD,RCP85,Annual,2021-2050,5.0
1311,CWD,NIZAMABAD,RCP85,Annual,2061-2090,4.0
1312,CWD,NIZAMABAD,RCP85,JJAS,2021-2050,-5.0
1313,CWD,NIZAMABAD,RCP85,JJAS,2061-2090,-7.0
1314,CWD,NIZAMABAD,RCP85,ON,2021-2050,9.5
1315,CWD,NIZAMABAD,RCP85,ON,2061-2090,10.0
1316,CWD,NIZAMABAD,RCP85,DJF,2021-2050,1.0
1317,CWD,NIZAMABAD,RCP85,DJF,2061-2090,1.0
1318,CWD,NIZAMABAD,RCP85,MAM,2021-2050,14.0
1319,CWD,NIZAMABAD,RCP85,MAM,2061-2090,18.5
1320,CWD,NARAYANPET,RCP45,Annual,2021-2050,5.0
1321,CWD,NARAYANPET,RCP45,Annual,2061-2090,10.0
1322,CWD,NARAYANPET,RCP45,JJAS,2021-2050,4.0
1323,CWD,NARAYANPET,RCP45,JJAS,2061-2090,-8.0
1324,CWD,NARAYANPET,RCP45,ON,2021-2050,1.0
1325,CWD,NARAYANPET,RCP45,ON,2061-2090,18.0
1326,CWD,NARAYANPET,RCP45,DJF,2021-2050,0.0
1327,CWD,NARAYANPET,RCP45,DJF,2061-2090,-1.0
1328,CWD,NARAYANPET,RCP45,MAM,2021-2050,6.0
1329,CWD,NARAYANPET,RCP45,MAM,2061-2090,10.0
1330,CWD,NARAYANPET,RCP85,Annual,2021-2050,-1.0
1331,CWD,NARAYANPET,RCP85,Annual,2061-2090,-8.0
1332,CWD,NARAYANPET,RCP85,JJAS,2021-2050,-8.0
1333,CWD,NARAYANPET,RCP85,JJAS,2061-2090,-8.0
1334,CWD,NARAYANPET,RCP85,ON,2021-2050,8.0
1335,CWD,NARAYANPET,RCP85,ON,2061-2090,10.0
1336,CWD,NARAYANPET,RCP85,DJF,2021-2050,0.0
1337,CWD,NARAYANPET,RCP85,DJF,2061-2090,-1.0
1338,CWD,NARAYANPET,RCP85,MAM,2021-2050,7.0
1339,CWD,NARAYANPET,RCP85,MAM,2061-2090,4.0
1340,CWD,NALGONDA,RCP45,Annual,2021-2050,4.5
1341,CWD,NALGONDA,RCP45,Annual,2061-2090,0.5
1342,CWD,NALGONDA,RCP45,JJAS,2021-2050,3.5
1343,CWD,NALGONDA,RCP45,JJAS,2061-2090,-7.5
1344,CWD,NALGONDA,RCP45,ON,2021-2050,-2.0
1345,CWD,NALGONDA,RCP45,ON,2061-2090,8.5
1346,CWD,NALGONDA,RCP45,DJF,2021-2050,1.0
1347,CWD,NALGONDA,RCP45,DJF,2061-2090,1.5
1348,CWD,NALGONDA,RCP45,MAM,2021-2050,4.0
1349,CWD,NALGONDA,RCP45,MAM,2061-2090,4.0
1350,CWD,NALGONDA,RCP85,Annual,2021-2050,-11.5
1351,CWD,NALGONDA,RCP85,Annual,2061-2090,-12.5
1352,CWD,NALGONDA,RCP85,JJAS,2021-2050,-9.5
1353,CWD,NALGONDA,RCP85,JJAS,2061-2090,-7.5
1354,CWD,NALGONDA,RCP85,ON,2021-2050,-0.5
1355,CWD,NALGONDA,RCP85,ON,2061-2090,0.0
1356,CWD,NALGONDA,RCP85,DJF,2021-2050,2.0
1357,CWD,NALGONDA,RCP85,DJF,2061-2090,1.5
1358,CWD,NALGONDA,RCP85,MAM,2021-2050,2.0
1359,CWD,NALGONDA,RCP85,MAM,2061-2090,2.5
1360,CWD,MIRYALAGUDA,RCP45,Annual,2021-2050,19.0
1361,CWD,MIRYALAGUDA,RCP45,Annual,2061-2090,3.0
1362,CWD,MIRYALAGUDA,RCP45,JJAS,2021-2050,10.5
1363,CWD,MIRYALAGUDA,RCP45,JJAS,2061-2090,-4.0
1364,CWD,MIRYALAGUDA,RCP45,ON,2021-2050,-0.5
1365,CWD,MIRYALAGUDA,RCP45,ON,2061-2090,4.5
1366,CWD,MIRYALAGUDA,RCP45,DJF,2021-2050,-0.5
1367,CWD,MIRYALAGUDA,RCP45,DJF,2061-2090,1.0
1368,CWD,MIRYALAGUDA,RCP45,MAM,2021-2050,9.0
1369,CWD,MIRYALAGUDA,RCP45,MAM,2061-2090,3.0
1370,CWD,MIRYALAGUDA,RCP85,Annual,2021-2050,-3.5
1371,CWD,MIRYALAGUDA,RCP85,Annual,2061-2090,-15.5
1372,CWD,MIRYALAGUDA,RCP85,JJAS,2021-2050,-7.5
1373,CWD,MIRYALAGUDA,RCP85,JJAS,2061-2090,-7.5
1374,CWD,MIRYALAGUDA,RCP85,ON,2021-2050,-1.0
1375,CWD,MIRYALAGUDA,RCP85,ON,2061-2090,-3.0
1376,CWD,MIRYALAGUDA,RCP85,DJF,2021-2050,2.0
1377,CWD,MIRYALAGUDA,RCP85,DJF,2061-2090,2.0
1378,CWD,MIRYALAGUDA,RCP85,MAM,2021-2050,4.0
1379,CWD,MIRYALAGUDA,RCP85,MAM,2061-2090,1.0
1380,CWD,MEDAK,RCP45,Annual,2021-2050,6.0
1381,CWD,MEDAK,RCP45,Annual,2061-2090,5.0
1382,CWD,MEDAK,RCP45,JJAS,2021-2050,-1.0
1383,CWD,MEDAK,RCP45,JJAS,2061-2090,-8.0
1384,CWD,MEDAK,RCP45,ON,2021-2050,8.0
1385,CWD,MEDAK,RCP45,ON,2061-2090,17.0
1386,CWD,MEDAK,RCP45,DJF,2021-2050,1.0
1387,CWD,MEDAK,RCP45,DJF,2061-2090,1.0
1388,CWD,MEDAK,RCP45,MAM,2021-2050,6.0
1389,CWD,MEDAK,RCP45,MAM,2061-2090,4.0
1390,CWD,MEDAK,RCP85,Annual,2021-2050,10.0
1391,CWD,MEDAK,RCP85,Annual,2061-2090,12.0
1392,CWD,MEDAK,RCP85,JJAS,2021-2050,-4.0
1393,CWD,MEDAK,RCP85,JJAS,2061-2090,0.0
1394,CWD,MEDAK,RCP85,ON,2021-2050,16.0
1395,CWD,MEDAK,RCP85,ON,2061-2090,18.0
1396,CWD,MEDAK,RCP85,DJF,2021-2050,2.0
1397,CWD,MEDAK,RCP85,DJF,2061-2090,2.0
1398,CWD,MEDAK,RCP85,MAM,2021-2050,7.0
1399,CWD,MEDAK,RCP85,MAM,2061-2090,5.0
1400,CWD,MAHABOOBNAGAR,RCP45,Annual,2021-2050,9.0
1401,CWD,MAHABOOBNAGAR,RCP45,Annual,2061-2090,18.0
1402,CWD,MAHABOOBNAGAR,RCP45,JJAS,2021-2050,5.0
1403,CWD,MAHABOOBNAGAR,RCP45,JJAS,2061-2090,-7.0
1404,CWD,MAHABOOBNAGAR,RCP45,ON,2021-2050,4.0
1405,CWD,MAHABOOBNAGAR,RCP45,ON,2061-2090,23.0
1406,CWD,MAHABOOBNAGAR,RCP45,DJF,2021-2050,0.0
1407,CWD,MAHABOOBNAGAR,RCP45,DJF,2061-2090,-1.0
1408,CWD,MAHABOOBNAGAR,RCP45,MAM,2021-2050,9.0
1409,CWD,MAHABOOBNAGAR,RCP45,MAM,2061-2090,12.0
1410,CWD,MAHABOOBNAGAR,RCP85,Annual,2021-2050,2.0
1411,CWD,MAHABOOBNAGAR,RCP85,Annual,2061-2090,0.0
1412,CWD,MAHABOOBNAGAR,RCP85,JJAS,2021-2050,-7.0
1413,CWD,MAHABOOBNAGAR,RCP85,JJAS,2061-2090,-7.0
1414,CWD,MAHABOOBNAGAR,RCP85,ON,2021-2050,8.0
1415,CWD,MAHABOOBNAGAR,RCP85,ON,2061-2090,12.0
1416,CWD,MAHABOOBNAGAR,RCP85,DJF,2021-2050,0.0
1417,CWD,MAHABOOBNAGAR,RCP85,DJF,2061-2090,0.0
1418,CWD,MAHABOOBNAGAR,RCP85,MAM,2021-2050,11.0
1419,CWD,MAHABOOBNAGAR,RCP85,MAM,2061-2090,5.0
1420,CWD,KAMAREDDY,RCP45,Annual,2021-2050,16.0
1421,CWD,KAMAREDDY,RCP45,Annual,2061-2090,13.0
1422,CWD,KAMAREDDY,RCP45,JJAS,2021-2050,-2.0
1423,CWD,KAMAREDDY,RCP45,JJAS,2061-2090,-2.0
1424,CWD,KAMAREDDY,RCP45,ON,2021-2050,12.0
1425,CWD,KAMAREDDY,RCP45,ON,2061-2090,18.0
1426,CWD,KAMAREDDY,RCP45,DJF,2021-2050,1.0
1427,CWD,KAMAREDDY,RCP45,DJF,2061-2090,2.0
1428,CWD,KAMAREDDY,RCP45,MAM,2021-2050,13.0
1429,CWD,KAMAREDDY,RCP45,MAM,2061-2090,6.0
1430,CWD,KAMAREDDY,RCP85,Annual,2021-2050,8.0
1431,CWD,KAMAREDDY,RCP85,Annual,2061-2090,5.0
1432,CWD,KAMAREDDY,RCP85,JJAS,2021-2050,-5.0
1433,CWD,KAMAREDDY,RCP85,JJAS,2061-2090,-2.0
1434,CWD,KAMAREDDY,RCP85,ON,2021-2050,14.0
1435,CWD,KAMAREDDY,RCP85,ON,2061-2090,12.0
1436,CWD,KAMAREDDY,RCP85,DJF,2021-2050,2.0
1437,CWD,KAMAREDDY,RCP85,DJF,2061-2090,1.0
1438,CWD,KAMAREDDY,RCP85,MAM,2021-2050,8.0
1439,CWD,KAMAREDDY,RCP85,MAM,2061-2090,7.0
1440,CWD,GADWAL,RCP45,Annual,2021-2050,33.0
1441,CWD,GADWAL,RCP45,Annual,2061-2090,16.0
1442,CWD,GADWAL,RCP45,JJAS,2021-2050,27.0
1443,CWD,GADWAL,RCP45,JJAS,2061-2090,-2.0
1444,CWD,GADWAL,RCP45,ON,2021-2050,6.0
1445,CWD,GADWAL,RCP45,ON,2061-2090,20.0
1446,CWD,GADWAL,RCP45,DJF,2021-2050,-1.0
1447,CWD,GADWAL,RCP45,DJF,2061-2090,1.0
1448,CWD,GADWAL,RCP45,MAM,2021-2050,9.0
1449,CWD,GADWAL,RCP45,MAM,2061-2090,6.0
1450,CWD,GADWAL,RCP85,Annual,2021-2050,8.0
1451,CWD,GADWAL,RCP85,Annual,2061-2090,-1.0
1452,CWD,GADWAL,RCP85,JJAS,2021-2050,-3.0
1453,CWD,GADWAL,RCP85,JJAS,2061-2090,-5.0
1454,CWD,GADWAL,RCP85,ON,2021-2050,17.0
1455,CWD,GADWAL,RCP85,ON,2061-2090,9.0
1456,CWD,GADWAL,RCP85,DJF,2021-2050,-1.0
1457,CWD,GADWAL,RCP85,DJF,2061-2090,2.0
1458,CWD,GADWAL,RCP85,MAM,2021-2050,1.0
1459,CWD,GADWAL,RCP85,MAM,2061-2090,4.0
1460,CWD,BODHAN,RCP45,Annual,2021-2050,3.0
1461,CWD,BODHAN,RCP45,Annual,2061-2090,0.0
1462,CWD,BODHAN,RCP45,JJAS,2021-2050,5.0
1463,CWD,BODHAN,RCP45,JJAS,2061-2090,-5.0
1464,CWD,BODHAN,RCP45,ON,2021-2050,2.0
1465,CWD,BODHAN,RCP45,ON,2061-2090,8.0
1466,CWD,BODHAN,RCP45,DJF,2021-2050,1.0
1467,CWD,BODHAN,RCP45,DJF,2061-2090,2.0
1468,CWD,BODHAN,RCP45,MAM,2021-2050,5.0
1469,CWD,BODHAN,RCP45,MAM,2061-2090,10.0
1470,CWD,BODHAN,RCP85,Annual,2021-2050,12.0
1471,CWD,BODHAN,RCP85,Annual,2061-2090,1.0
1472,CWD,BODHAN,RCP85,JJAS,2021-2050,-7.0
1473,CWD,BODHAN,RCP85,JJAS,2061-2090,-10.0
1474,CWD,BODHAN,RCP85,ON,2021-2050,14.0
1475,CWD,BODHAN,RCP85,ON,2061-2090,14.0
1476,CWD,BODHAN,RCP85,DJF,2021-2050,1.0
1477,CWD,BODHAN,RCP85,DJF,2061-2090,1.0
1478,CWD,BODHAN,RCP85,MAM,2021-2050,19.0
1479,CWD,BODHAN,RCP85,MAM,2061-2090,16.0
